c,time,vx,vy,V_net,dx,dy,dnet,ent,delta_entropy,div,delta_div,curl,delta_curl,theta,delta_theta,percent_contact,delta_area,aruco_vel_y,ee_vel_z,v_norm,updated_vx,updated_vy,updated_vnet,ground_truth
109,0.092265367507935,9.02174645338872,13.8887771894986,16.5617040454408,59.6917875508727,62.6526027000809,88.874875604926,531.230009656877,243.627324834492,0.098970031773077,0.50159135511415,0.048053510473637,0.41154706971292,0.62516013603277,3.31199482987737,0.125299479166667,0.493791951020141,0,0.012096662482761,0,9.02174645338872,13.8887771894986,16.5617040454408,0.012096662482761
110,0.10821270942688,3.3877143754068,27.1086322425102,27.3194903090999,54.670366895235,130.942113526964,145.050765413819,857.141664100032,325.911654443155,0.243038790823756,1.33134785935682,0.094525212540906,0.429447726735555,0.931462705746856,2.83056002697222,0.238229166666667,1.04358987126468,0,0.008064441655174,0,6.20473041439776,20.4987047160044,27.3194903090999,0.008064441655174
111,0.094041585922241,0.659371591135746,5.58220201312592,5.62100971450361,52.4753935065613,116.874964453887,131.506782447406,786.052850526949,-71.0888135730829,0.195948136365703,-0.500742878762064,0.06192522555126,-0.346655010865102,0.701452587734542,-2.44583410367514,0.192291666666667,-0.488480702973083,0,0.008064441655174,0,4.356277473310422,15.52653714837824,16.470250011801756,0.008064441655174
112,0.103327751159668,0.680999384489103,0.435829883864219,0.808522015373506,53.6452102378312,115.776673146549,131.030058129495,783.203335832459,-2.84951469448993,0.18381163316902,-0.117456376050699,0.066106019367555,0.040461480767494,0.887185937790821,1.79751662038278,0.1731640625,-0.185115846923927,0,0.037636294436783,0,3.4374579511050927,11.753860332249737,8.63938601358763,0.037636294436783
113,0.099497795104981,0.90608876312096,8.02504052130301,8.07603072153699,52.4411371391043,135.999775260233,148.678369166626,888.692231078385,105.488895245926,0.221100259481146,0.374768368211408,0.074667808872254,0.086050042572957,0.66948381979964,-2.18800947057654,0.2080859375,0.350981395750065,0,0.025090862957855,0,2.9311841135082664,11.00809637006039,8.35770836756231,0.025090862957855
114,0.102167129516602,1.34848066332647,3.38751986766727,3.64605141944074,55.0124016835799,144.536325326754,157.830311201796,943.395950466239,54.7037193878546,0.192098650650991,-0.28386437954531,0.062705575490075,-0.117084951283032,0.824446752067189,1.51675918664592,0.228815104166667,0.202894676250039,0,0.016727241971904,0,2.667400205144634,8.907844905694123,6.001879893501525,0.016727241971904
115,0.098675727844238,1.37399506537455,1.6346724806955,2.13541952759096,57.7176309556823,148.655699978107,162.822187958511,973.233795184739,29.8378447184994,0.184380149722452,-0.078220866439643,0.053378802219603,-0.094519427160391,0.0,-8.35511194169853,0.1948046875,-0.344668515851769,0,0.011151494647936,0,2.482628042320336,3.813052953331184,4.068649710546243,0.011151494647936
116,0.10239839553833,2.07363193640018,3.61308814165204,4.16585589369164,54.3913910565668,157.76068209507,169.903793287063,1015.56253254124,42.3287373565039,0.194508165971692,0.098907958430351,0.037796404709636,-0.152174235036082,0.868373013538102,8.48033808511238,0.26109375,0.647364269249575,0,0.00743432976529,0,1.4900402541791151,3.419230179036408,4.117252802118942,0.00743432976529
117,0.102316856384277,1.38417214500788,4.69190095034375,4.8918163349468,57.2934710489876,169.584272489936,182.33969449681,1089.89539517289,74.3328626316492,0.193901224673926,-0.005931977576469,0.013633381773397,-0.236158769826625,0.506162129259567,-3.54009004066895,0.174986979166667,-0.841569745946232,0,0.004956219843527,0,1.2038199355506989,4.270444392332314,4.50453456853287,0.004956219843527
118,0.10447096824646,0.245753312412927,0.5918140728708,0.640810882718022,58.4327788717513,171.075643953571,184.224137362318,1101.15923767988,11.2638425069833,0.193079049842708,-0.007869888113586,0.020470787698039,0.065447904230311,0.73804234970479,2.21956610853064,0.24390625,0.659697827924254,0,0.003304146562351,0,1.1447316100188671,2.7837991026458724,2.5726727256254462,0.003304146562351
119,0.09867262840271,2.89195242768731,3.06015064532066,4.21045256665634,51.9985571310547,163.364064327363,174.49437083002,1043.00169952603,-58.1575381538489,0.170212326847984,-0.2317433250222,0.014413067263851,-0.061392105716139,0.544138759789383,-1.9651203485128,0.214205729166667,-0.30100060487005,0,0.103549431041568,0,1.460582044761468,2.71832525817655,3.391562646140893,0.103549431041568
120,0.102526187896729,0.401288398875013,0.978669235299379,1.05774564579257,54.4554777657632,165.830310800317,177.492406358108,1060.92179709801,17.9200975719832,0.185868130667868,0.152700535746565,0.01101129773983,-0.033179518265591,1.38126763594302,8.16502489097572,0.298984375,0.826897474416276,0,0.231592954027712,0,1.388467707012047,2.5871246090973257,2.224654145966732,0.231592954027712
121,0.099977493286133,0.222609408882307,1.63434650280941,1.64943731016619,54.658481283943,169.948863987397,181.680636597532,1085.95602162311,25.034224525102,0.18668294784484,0.008150006068268,0.006302314936354,-0.047100428793498,0.937776178678957,-4.43591295087592,0.266328125,-0.326636015033291,0,0.521145302685141,0,1.2276289563771667,2.1913762813288,1.9370457280664608,0.521145302685141
122,0.102909803390503,0.415117782794938,6.10136614900998,6.11547149922861,56.0141211540226,185.324306682902,196.484051114746,1174.4401740161,88.4841523929883,0.114227006647558,-0.704072292533098,0.04769649350418,0.402237466247516,0.239313748877368,-6.78713209810725,0.259635416666667,-0.065034701387361,0,1.02763686845676,0,1.090646487437222,2.4732693210620456,4.026258613647535,1.02763686845676
123,0.100594282150269,3.09064997855316,16.4742378897878,16.761641665996,54.1330973608423,226.839386165167,236.020410918233,1410.76006371775,236.319889701653,0.099530105012691,-0.146100765577439,0.078808462125938,0.309281680396926,0.0,-2.37899951927565,0.3866796875,1.26293729740577,0,1.81172791230451,0,1.235934779173362,5.649754084445446,10.393950139821769,1.81172791230451
124,0.10204815864563,1.95362410997729,22.1055279151786,22.1916878937098,57.9130892089183,282.545316511417,291.48536586911,1742.28962540346,331.529561685707,0.095659362234554,-0.037930549943369,0.096484631819183,0.173213999427738,1.1099904333611,10.8771235864787,0.4702734375,0.819159807579535,0,2.808368608203,0,1.3172850598832777,9.458829538417037,16.292819016765783,2.808368608203
125,0.101983308792114,3.48939098468918,4.37127178600847,5.59319823278093,60.9923182002615,271.529711610676,281.534171946587,1682.80855375551,-59.4810716479506,0.124803007914301,0.285768779469137,0.049220839568769,-0.463446350292073,2.35346376407978,12.1929102462582,0.5097265625,0.386858648412971,0,3.89872240546867,0,1.780661870208457,10.137350048558854,10.943008624773356,3.89872240546867
126,0.101899147033691,2.13430289082821,5.01121897030665,5.44679395591195,60.3286295167644,284.157983415849,294.005199269229,1757.35137499655,74.5428212410441,0.137568490400694,0.125275655959832,0.059474833467181,0.100628849179889,2.11962139180787,-2.29484131201405,0.414765625,-0.931911014609402,0,5.08526493697911,0,1.672426222085728,10.812724542058302,8.194901290342653,5.08526493697911
127,0.10025954246521,1.67520999051023,5.17400014624094,5.43843782952481,58.2394302273204,297.196463784376,306.278863378282,1830.71450106338,73.3631260668267,0.184367636418384,0.466779967940999,0.00321539700753,-0.561137973267469,1.47104535168281,-6.46897067528622,0.510716145833333,0.957021331576774,0,6.28266995798608,0,1.8544150208907595,10.627251341504492,6.816669559933732,6.28266995798608
128,0.101484775543213,0.846702098024149,8.44381480189234,8.48616007694025,55.3429794947022,275.918050483607,284.67824094548,1701.60153426069,-129.112966802692,0.14872375297197,-0.351223947194289,0.016790395718822,0.133763893536049,2.03274915023672,5.53485777100355,0.426536458333333,-0.829480944796057,0,7.37447330532405,0,1.9435711193395933,9.0211667239254,7.65141481843699,7.37447330532405
129,0.100540161132813,0.093427506679569,3.93515865096075,3.93626756042263,56.7507032274196,285.834650284028,294.871795875045,1762.53126549027,60.9297312295837,0.156111230472804,0.073477876080538,0.002300579177911,-0.144119686875873,1.62635133413071,-4.04214406986237,0.466119791666667,0.393706682855264,0,8.1985855368827,0,1.8976153656088268,5.387092871081831,5.79384118942981,8.1985855368827
130,0.101948499679565,0.697586139162881,13.6184311778081,13.6362859373895,53.925447545449,251.516203715952,260.383244354226,1556.38353889429,-206.147726595984,0.158318615137974,0.021651958313344,0.02828480223918,0.254875973093673,1.55686775742599,-0.681555657249619,0.43171875,-0.337435487278309,0,8.8007403579218,0,1.555749102838787,7.236524749441756,9.715063563409656,8.8007403579218
131,0.102125644683838,1.65084033918255,14.6827635928328,14.7752773425235,54.211957451323,288.516767969891,296.757845270234,1773.80471067486,217.421171780574,0.188742508667106,0.297906501577723,0.029414019347683,0.011057135668502,0.445972774570575,-10.8777279819828,0.516419270833333,0.829375629358821,0,9.16375357194787,0,1.5124942784395383,9.170833673946984,12.245170452966578,9.16375357194787
132,0.101815223693848,0.961450845673024,4.71942821559925,4.81636693066877,52.2108053667053,276.623808866581,284.492680552555,1700.49238784946,-73.3123228253976,0.206871111679119,0.178053952584975,0.075617885026545,0.453801150776767,1.360318412216,8.98044127855389,0.502005208333333,-0.141570798325232,0,9.44855238129858,0,1.1513599728658015,9.07991928781865,8.530768691817673,9.44855238129858
133,0.160813808441162,2.16290149153416,4.5520537324264,5.03977539628283,47.7443456347934,265.152633460866,272.173195322332,1626.855376115,-73.6370117344659,0.215852317301915,0.055848472900776,0.100038585438196,0.151856986961331,0.858318053902968,-3.12162471108135,0.477799479166667,-0.150520215902498,0,8.39255492086572,0,1.155445487252366,8.30156707392546,6.785272044050252,8.39255492086572
134,0.080430030822754,0.75908830151262,0.757367451929047,1.07229683704411,46.5097816916122,267.061199439727,273.796783993251,1636.5600200817,9.704643966704,0.272233107905255,0.700991781634242,0.156183464754518,0.698058657220331,2.10980714250467,15.5599727589269,0.517955729166667,0.499269359830205,0,9.78086994724382,0,1.0245709602527076,7.66600883411912,3.928784440547181,9.78086994724382
135,0.084036350250244,0.137893681581934,0.609540044525181,0.624942984039328,46.3465091154875,265.525158527524,272.111367520598,1626.48581403698,-10.074206044724,0.261306236700095,-0.130025532672722,0.131800238634145,-0.290150941202995,0.0,-25.1058873478211,0.4853515625,-0.387976947708673,0,10.5267832981625,0,0.9233126150466768,5.064230607462536,2.2768637122932547,10.5267832981625
136,0.080425024032593,0.918940401342283,2.9314535504942,3.07211187620571,45.3382347413812,258.137895580278,264.520313279884,1581.11195792576,-45.3738561112177,0.317053620448409,0.693159677835118,0.178064560241234,0.575247843113357,1.00571273485253,12.5049727612759,0.5032421875,0.222450974870082,0,11.2453955321084,0,1.0412430285699217,2.7139685989948155,2.6744877942494822,11.2453955321084
137,0.100415945053101,1.26551885060397,0.14041150067079,1.2732844736172,45.0295830630906,258.491732561969,264.697902527701,1582.17345857137,1.06150064560666,0.311968100481759,-0.050644546181995,0.173081592200251,-0.049623274852894,0.643201319616792,-3.6100981277828,0.464375,-0.387061910132369,0,10.8496503547389,0,1.1223762730615057,1.7981652560091237,1.973886133933341,10.8496503547389
138,0.102293729782105,0.473616359343349,5.2589311202601,5.28021486148791,42.7875381799311,245.239226138913,251.04172793466,1500.54668034457,-81.6267782267942,0.278071309735596,-0.331367238425713,0.134823542955418,-0.374001899493999,1.36944441670457,7.09958566018408,0.499895833333333,0.347243505628313,0,10.5568635698259,0,0.9542014187987627,1.9395407335758637,3.6270504977106257,10.5568635698259
139,0.101650238037109,0.219422707440946,0.054895132838773,0.226185322578856,43.7532879293228,245.10089040416,251.252743928245,1501.80798200657,1.26130166199164,0.293284332831378,0.149660476842439,0.126333896678888,-0.083518213439213,2.09739745835311,7.16135107704113,0.468046875,-0.313319072816202,0,10.415502379884,0,0.8481973990513231,1.799046269757809,1.926617910144741,10.415502379884
140,0.102106094360352,0.604913277714818,0.400987648508944,0.725748694668076,42.6865944469502,244.090401529917,249.994706431176,1494.28833973232,-7.51964227424037,0.293761104142167,0.004669371733154,0.130856225418799,0.044290487930631,1.66286379993868,-4.25570737120624,0.524622395833333,0.554085641878219,0,10.1756015865893,0,0.6256276542199887,1.7573357905545612,1.3261833024064085,10.1756015865893
141,0.167147874832153,1.23609941468653,5.81135897425651,5.94136641612517,41.5112438149427,229.445776914791,234.992314541301,1404.6148438845,-89.6734958478276,0.302570336130893,0.052703224600209,0.14007142439039,0.055132013977714,0.753289656271003,-5.44173322323752,0.455872395833333,-0.411312438575946,0,8.85774772439287,0,0.6937720989591186,2.3333168753070237,3.6337748592657895,8.85774772439287
142,0.080299854278565,2.62385530567767,3.35190248341968,4.25674369952994,37.3693853527013,220.998982656573,225.992069666812,1350.81786088963,-53.7969829948643,0.302698960935205,0.001601806198368,0.124223631627587,-0.197357677734086,0.788540284738544,0.438987452520833,0.481783854166667,0.322683752867659,0,10.0562718162619,0,1.0489094738299385,2.9756150718568017,3.945259279397865,10.0562718162619
143,0.078543424606323,2.47645246911097,11.6237964013126,11.884673306866,34.9565066925691,191.707015725265,197.018328666103,1177.63370049741,-173.184160392225,0.275367541563694,-0.347978452792216,0.074848660960341,-0.628632771167344,1.07595725846557,3.65933845089672,0.320013020833333,-2.05963559832238,0,11.0329978775079,0,1.2714111977968936,4.2485881280673015,7.914966293131933,11.0329978775079
144,0.079877376556397,0.517370720709617,1.09424671619239,1.21039181199537,37.3345295900881,194.46451745007,200.307315504179,1197.29289549329,19.6591949958854,0.283519589284557,0.102057028814746,0.068060425391104,-0.084983206282997,1.61689236253346,6.77206898108336,0.35109375,0.389105532837855,0,11.611855251672,0,1.1645328935262715,4.456458444738025,4.562679052563651,11.611855251672
145,0.100619792938232,1.92195760978328,3.8495323988306,4.30265275655035,36.955664072711,184.763695805017,190.86326739121,1140.84317631108,-56.4497191822172,0.187929910307762,-0.950008702914685,0.02073632783268,-0.470325928691537,1.21834471938657,-3.96092688633885,0.260130208333333,-0.904032288383922,0,11.087166834448,0,1.3714387864462616,5.146167394802356,4.432665904557,11.087166834448
146,0.101661920547485,1.19464366053191,4.07792163205102,4.24930798045973,36.7967655742683,174.487333292248,180.984849702665,1081.79710858539,-59.0460677256849,0.198175383505145,0.100779850923602,0.027362465467534,0.065178166998719,0.951413908710072,-2.62567153206409,0.263294270833333,0.031123379166559,0,10.7030745562987,0,1.5107560654592564,4.799479926361258,4.340986942508366,10.7030745562987
147,0.163895606994629,1.04435106752316,0.390588753527299,1.11500167112824,36.5680911658668,175.471616951137,181.764932630994,1086.45988261156,4.66277402616629,0.175629155065025,-0.137564568407616,0.032500596437064,0.031350022515845,1.4164151824759,2.83717960653494,0.218606770833333,-0.272658314761691,0,9.2505497041991,0,1.5735328925747338,4.207217180382783,2.727994306818303,9.2505497041991
148,0.07875657081604,0.684290598760476,3.46118080296388,3.52817604072666,35.7238917398598,166.749441327668,173.169308508934,1035.08143111681,-51.3784514947431,0.17249326685089,-0.039817480391059,0.035524542300685,0.038396108823532,0.0,-17.9847239131877,0.261888020833333,0.549557320126299,0,10.3571598027994,0,1.4947030617281547,2.5746940607130377,3.1280851737724813,10.3571598027994
149,0.08057165145874,0.318049313027746,3.96381821005605,3.97655757759011,32.4040065496245,156.760619438327,162.368810600196,970.523831803114,-64.5575993137005,0.159146244165567,-0.165654078620413,0.025935611150859,-0.119011227599528,0.497611047612291,6.17600655569424,0.246171875,-0.195058007981646,0,11.2073632018663,0,1.1653022056353084,3.148608359485769,3.552321375681296,11.2073632018663
150,0.08239483833313,0.020653344093269,2.83145464739293,2.83152997174059,36.5146393800032,163.895885149757,170.652671484296,1020.03878715471,49.5149553515956,0.135995713951396,-0.280970637026701,0.063534953612748,0.456331285096675,1.12138601050458,7.57055873294281,0.196028645833333,-0.608572456492153,0,11.4766821345775,0,0.8144737592042083,2.944992809198236,3.191925673710943,11.4766821345775
151,0.100407361984253,1.85448979740893,4.26220160317908,4.64817113656932,35.8981657534138,153.155137109746,160.136790964252,957.182425644324,-62.8563615103855,0.134984037587363,-0.010075718991518,0.063921703199901,0.003851805081911,1.23045807762742,1.0862955162585,0.2091796875,0.130976866703551,0,11.0041280897183,0,1.005490770161253,2.981848803423848,3.920048405140132,11.0041280897183
152,0.101843595504761,1.67472735814549,1.94065895114919,2.56337061089427,38.4920372465813,158.045597666642,165.199973061284,987.446482341938,30.2640566976139,0.164492536101619,0.289743290856975,0.032628233464897,-0.307269883588715,0.176666913070462,-10.3471520161294,0.2118359375,0.026081659694309,0,10.6418087264789,0,0.970172162784426,3.291862842948225,3.241709508017201,10.6418087264789
153,0.156009912490845,1.80155415182259,1.25078235759514,2.19318350076332,36.7885078752218,154.893626125502,161.761248668633,966.892264067297,-20.554218274641,0.149064333173845,-0.098892452931022,0.042013651125194,0.060159111113203,1.03888377841088,5.52668001394473,0.18984375,-0.140966603652768,0,9.2311558176526,0,1.0568736615402372,2.8497831538744784,2.7174465043902605,9.2311558176526
154,0.076938629150391,0.432469155940732,2.80427109188308,2.8374224090909,37.5803003071536,161.960389277048,168.554507908211,1007.49747613516,40.6052120678589,0.173802126803195,0.321526311327891,0.022458086046936,-0.254170957998666,1.31350338546325,3.56933324761442,0.29140625,1.32004561455699,0,10.5732105451017,0,0.9694619598856048,2.6178737302398845,2.77743445674058,10.5732105451017
155,0.081250429153442,1.4139371834561,1.64375477536983,2.16821311690316,35.1005335354156,157.818127243116,163.818161602415,979.187008450779,-28.310467684377,0.195655290046612,0.268960588529903,0.012338360934147,-0.124549805068449,1.17393554018977,-1.71774902271475,0.2849609375,-0.079326504083171,0,11.1513503634012,0,1.0736971862706937,2.380333755835264,2.47282378682187,11.1513503634012
156,0.091601848602295,0.777712981179351,0.606559279226748,0.986281724615713,32.9434698729879,156.289597859464,161.960874245522,968.085482020256,-11.101526430523,0.180364905800809,-0.166922223504334,0.003984867246537,-0.091193505535871,1.01909198037971,-1.69039776131955,0.212044270833333,-0.796017414269082,0,11.1095602422674,0,1.139363424578066,1.6492052910447974,1.7295527557187915,11.1095602422674
157,0.150607109069824,3.66053742321917,7.21077553160111,8.08670625124502,33.5568395347621,138.118443519829,144.268841489993,862.335249824725,-105.75023219553,0.14995833547535,-0.201893327036525,0.028939107566111,0.165690985463403,0.491739611419826,-3.50151046797796,0.172356770833333,-0.263516777163554,0,9.66390349484496,0,1.6593468644531946,2.703228607135181,4.908129503481906,9.66390349484496
158,0.077974557876587,2.54874491013121,5.33644868212236,5.91386380920674,32.2738101609901,151.566294198778,157.055564144949,938.765070437556,76.4298206128309,0.1772138438458,0.34954360900114,0.012454371754143,-0.211411725322749,0.0,-6.3064110244539,0.256796875,1.08291866560261,0,9.66390349484496,0,1.7585261662706633,3.5203618720406253,5.410996656344323,9.66390349484496
159,0.079296588897705,0.009237167902575,3.29677960041643,3.29679254109093,33.6285018348287,143.258409605728,149.494677353472,893.571533615005,-45.1935368225511,0.163586296819432,-0.171855400286486,0.043359657737158,0.389742943708264,0.790627973207957,9.97051681791622,0.181223958333333,-0.953041205393563,0,11.27677566323,0,1.5205989962359612,3.618863573747295,4.353894598717626,11.27677566323
160,0.096039056777954,0.329968922375352,2.64699355373543,2.66748090213416,33.5357922643062,149.928833361142,155.858695916392,931.611054003929,38.039520388924,0.140674945577137,-0.238562851520576,0.045556289803498,0.022872278633669,0.899027110451124,1.12869847830545,0.188411458333333,0.074839343920441,0,11.5439904421533,0,1.3103725348863555,3.819511329420416,3.510687750425893,11.5439904421533
161,0.146647214889526,0.008815039836781,2.11691744822822,2.11693580146881,37.5990247721405,155.263465330677,162.149158007223,969.210906768991,37.5998527650615,0.139719517337725,-0.006515147526885,0.068294685858103,0.155055082851275,1.39742887401779,3.39864459029875,0.219401041666667,0.211320640195442,0,10.3327069614355,0,1.249850518300077,4.12158296322071,2.8138117759473515,10.3327069614355
162,0.082504510879517,2.03920104051237,2.00741419966851,2.86147735490909,37.5936282501833,160.322149113841,167.494366029682,1001.16071136856,31.9498045995732,0.133448462640912,-0.076008628255131,0.082271961681697,0.169412262124739,1.56192121677771,1.99373756666622,0.195221354166667,-0.293071096867784,0,11.5346813076237,0,1.3391739264509728,3.0809106968341897,2.8376445654282207,11.5346813076237
163,0.078920841217041,1.89790381054948,4.92674282679857,5.27966227665268,41.0171253687599,172.737541037374,180.355703002745,1078.03652264702,76.8758112784553,0.158545797647849,0.318006430493003,0.06642593489509,-0.20078380491445,1.33040498848012,-2.93352458903594,0.24953125,0.688156575573937,0,12.5892108717491,0,1.4992011877895626,2.998969525769432,4.05865342104045,12.5892108717491
164,0.098000764846802,0.43900760181643,2.79820151370463,2.83242994366172,38.7140559947492,165.686073222838,172.914278192139,1033.55704352435,-44.4794791226693,0.149904916481435,-0.088171568659906,0.064012380259029,-0.024627916321206,1.36925406633403,0.396416067921936,0.274661458333333,0.256428695965973,0,12.3043405811661,0,1.0389826418748855,2.899253908427072,3.4455416823510854,12.3043405811661
165,0.141726493835449,2.11377716777812,1.66968793983636,2.69367996084447,39.6216608605668,169.893686831226,177.045531134784,1058.25069879733,24.6936552729765,0.1509655605646,0.007483738957067,0.06829003886202,0.030182490847175,2.08195430803706,5.02870156747478,0.184583333333333,-0.635577178001628,0,10.9311537207774,0,0.9768443929673012,2.703792785647258,3.0696108215977778,10.9311537207774
166,0.077429294586182,1.4249542725872,5.83470145121066,6.00618312272647,42.5500914668682,184.597134488276,192.42608232534,1150.184558641,91.9338598436718,0.168620882356025,0.228018631524189,0.052351257240518,-0.205849500588708,1.77547719508246,-3.95815452785093,0.294856770833333,1.42418238587027,0,11.6785391471849,0,1.1790896936365332,3.447349586243746,4.537896972162124,11.6785391471849
167,0.085803747177124,1.30650415802683,2.62301526226888,2.93038601229205,38.7235363556522,177.987136027359,184.824315809147,1104.74667226062,-45.4378863803761,0.194152265571289,0.297555573680952,0.011335438698981,-0.478018966431245,1.37296237431897,-4.69111005062032,0.238671875,-0.654807018128839,0,11.7093760981233,0,1.31859472730103,3.57046979876382,3.734141492227087,11.7093760981233
168,0.101429462432861,1.70631450990479,3.57148087330328,3.95815422073001,36.9804530279813,168.987004226635,175.31885978813,1047.92990082249,-56.816771438135,0.188922296950686,-0.051562617953,0.000625376621307,-0.105591233757785,1.25263881958135,-1.18627814691676,0.2195703125,-0.188323609746466,0,11.1911973987489,0,1.5610946515964597,3.2994174080647616,3.8461478564785487,11.1911973987489
169,0.134907484054565,1.96619852070813,1.05790228699083,2.23273237797441,37.5909381210598,171.652917989852,177.868103953332,1063.16744679125,15.2375459687607,0.218334477627425,0.218017413065414,0.02471612222521,0.178572343652628,1.32549201851783,0.540023405276862,0.279830729166667,0.446679567771744,0,9.98104493249924,0,1.5506657201958542,2.9513575627220017,3.039440117226479,9.98104493249924
170,0.07837438583374,1.84884381136213,12.3577670232464,12.4953042875973,33.8538409400629,140.511345091271,146.440126351361,875.313627234784,-187.853819556464,0.169287062197012,-0.625809247608786,0.007124110711725,-0.22446123598089,0.013051560665096,-16.745782999013,0.190520833333333,-1.13952913165777,0,9.98104493249924,0,1.543657148883376,5.08897337940401,7.76737220241189,9.98104493249924
171,0.090682983398438,0.895888607251102,1.33005367187996,1.60363935056598,35.1507705473709,143.863080344408,150.076059921309,897.04661996561,21.7329927308257,0.184858510874294,0.171713017081331,0.010016890563554,0.031899919294871,0.714022114582858,7.72990177041132,0.207096354166667,0.182785349711145,0,10.9914832883328,0,1.6089258639454715,4.188043823537869,4.685505776488935,10.9914832883328
172,0.099697828292847,2.7820933328621,8.51436809859574,8.95737168097543,29.7304088365699,122.406872735947,127.704090388425,763.32309562755,-133.72352433806,0.148102400081342,-0.368675139893582,0.007636772702784,-0.02387331701728,0.380576959592878,-3.34455785747447,0.143619791666667,-0.636689520593644,0,11.1726088588886,0,1.7043996018146117,5.366314390803242,6.821438728732182,11.1726088588886
173,0.134496927261353,3.89499805992635,2.75601693695227,4.77143995493999,30.5041834745147,129.352035417067,134.906427270673,806.373479276098,43.0503836485478,0.118505493757582,-0.220056375460891,0.067914865878709,0.448174500364556,0.922810568268267,4.03156874819696,0.213697916666667,0.521038855139234,0,10.348099239259,0,2.0572630000059187,5.2032216035330405,5.796439341836086,10.348099239259
174,0.079322099685669,2.67200918862984,0.502024153156133,2.71876099620294,34.1338809740468,128.086934551113,134.594548071648,804.509290001206,-1.8641892748916,0.105941547268231,-0.158391501726992,0.083446990372639,0.195810808784433,1.25711171189046,4.21447673406199,0.208502604166667,-0.065496406683479,0,11.7733728261727,0,2.25233514723492,5.092045976766101,4.257600169019513,11.7733728261727
175,0.2083580493927,0.986124280547678,1.05347517855923,1.44300070981482,33.5010187197372,130.741692001082,136.987993291151,818.815582059739,14.3062920585331,0.067505529032051,-0.184471002431674,0.11739311047483,0.16292204789368,1.18214264164702,-0.359808850495346,0.158346354166667,-0.240721441509892,0,11.7733728261727,0,2.1494508287553327,2.831187607828667,2.8503004394171665,11.7733728261727
176,0.080361366271973,1.16550417417102,2.57692583930383,2.82824093055769,35.9394893486329,137.235545116128,144.032899559345,860.924958859555,42.1093767998159,0.08651250802927,0.236518863217085,0.101182560702122,-0.201720684014331,1.40641531597349,2.79080215693994,0.140325520833333,-0.224247473249075,0,13.2412252174485,0,2.035065922107174,3.0805620413134407,2.8392706849874285,13.2412252174485
177,0.088253021240234,0.283749484890407,6.69765884648195,6.70366674246516,38.8548662958866,154.113645409263,161.631800101707,966.118513747085,105.19355488753,0.092319853413666,0.065803360641768,0.111479467518354,0.116674836413844,2.7204350172686,14.8892319246296,0.171822916666667,0.356898782508465,0,13.6998368116323,0,1.8114810183254997,2.717220190890683,4.771468713726295,13.6998368116323
178,0.082514524459839,0.92173135087873,2.54590356184736,2.70762139698663,38.4102859475187,160.529322385118,167.46463095943,1000.98297653012,34.8644627830383,0.095279648390988,0.035869987698499,0.085474590743074,-0.315155143237077,1.62847114160752,-13.2335959373136,0.232734375,0.738190745593885,0,14.2636345410882,0,1.815172838843732,2.675197515869701,3.739545055356462,14.2636345410882
179,0.082813501358032,2.68424458760329,4.02502468302906,4.83797402897852,40.7143133893349,170.672384586351,178.031280212379,1064.14279696844,63.1598204383155,0.134340089705437,0.471667550265463,0.044481775435588,-0.495001595576305,1.80335453852995,2.11177397470921,0.201809895833333,-0.373423157571483,0,14.1379630273921,0,1.8011944466639018,3.3797976218442862,4.288759542167491,14.1379630273921
180,0.080775022506714,1.49633765369862,3.24681327912991,3.57502767029999,39.7680682222138,162.490415122944,169.802952219477,1014.95977725249,-49.1830197159458,0.162787404502566,0.352179596047336,0.023507063191529,-0.259668293404872,1.51964995662382,-3.51228106290594,0.204661458333333,0.035302528077451,0,14.2535353515948,0,1.458528674345655,3.818465241958422,3.9318936062337406,14.2535353515948
181,0.080764770507813,0.737921471748207,3.30097120029375,3.38244570741879,42.0587675442028,170.808862547684,178.386230062968,1066.26443158422,51.3046543317215,0.152105392824111,-0.132260781666208,0.000658278600272,-0.282905336665901,1.37071037895675,-1.84411565501407,0.166549479166667,-0.471888657975943,0,14.2073802343965,0,1.1822304290768504,3.9632743141564064,3.657169656826265,14.2073802343965
182,0.09947943687439,0.532871082142118,4.05237158899949,4.08725666988429,38.8204676065412,160.596886143405,167.516654512182,1001.29393586754,-64.9704957166766,0.168633252170795,0.166143475133996,0.028820678856708,0.283097704825123,1.52522896896744,1.55327165960745,0.259947916666667,0.938871795363418,0,13.3919934895977,0,1.1174799721617703,3.434216862659914,3.8722131633552777,13.3919934895977
183,0.098788738250733,0.966194220805977,2.3642676669424,2.55407377991869,35.8678900992144,154.638931622711,160.925989015205,961.899683309953,-39.3942525575852,0.192399182343037,0.240573273766521,0.073295920385268,0.450205583309294,0.983274006595458,-5.48599943645872,0.174713541666667,-0.862794449137203,0,12.3696823263985,0,1.08900712168105,3.3978896836789216,3.213143471636984,12.3696823263985
184,0.102066993713379,0.699810332822791,0.671304634287673,0.969734197572537,34.5360940286342,152.947243944306,159.093314910077,950.945277175056,-10.9544061348973,0.201788536069946,0.091992067026831,0.091947799555222,0.182741535646005,1.21746968099204,2.29452897431509,0.181640625,0.067868005917621,0,11.5449415509323,0,1.1484443856713906,2.7271456739306443,2.0914388346047605,11.5449415509323
185,0.119530200958252,0.7041771460295,1.96285338970892,2.0853438283607,34.3731410969699,148.000853402239,154.104962030732,921.128495658011,-29.8167815170443,0.246095784171537,0.370678269980211,0.154010646620135,0.519223146680647,1.26489121443774,0.396732650539642,0.238502604166667,0.475712235994037,0,10.5968710339549,0,1.1173652135500718,2.4703536960464465,2.0883913314827303,10.5968710339549
186,0.084477186203003,0.533723098218021,7.17590792148732,7.19572893063906,30.9077517309254,129.917565440091,135.563892660692,810.30333395225,-110.825161705762,0.225626857613634,-0.242301235137202,0.160774192250126,0.080063576143956,0.495109869448971,-9.11229859312491,0.25765625,0.226731579189986,0,11.0498773559699,0,0.8101478579236048,3.2453410402851604,4.642060131060895,11.0498773559699
187,0.102120876312256,1.46133718515189,5.41297564981946,5.60676482066495,26.003428141077,116.276866802546,120.93401019096,722.856431182762,-87.4469027694876,0.277409030446362,0.507067454791441,0.223236396985516,0.611649713466993,0.0,-4.84827282459924,0.357799479166667,0.980634252103927,0,10.6306915706466,0,0.8051477909883576,3.5174618524491548,5.124412475862923,10.6306915706466
188,0.101883411407471,4.0694488316834,0.982251329959444,4.18631478378018,19.5018689761888,113.801593451048,116.642563563142,697.205253411534,-25.6511777712284,0.295569792437677,0.178250430962538,0.285998931158213,0.616023092529615,0.452073314138853,4.43716310529532,0.458098958333333,0.984453482476462,0,10.4569910470977,0,1.2810802709790996,3.2410585850525635,4.655363629821551,10.4569910470977
189,0.101494073867798,0.690338307923637,6.79420596357922,6.82918748131301,15.1248391094484,130.922992479268,132.642452770216,792.8410699472,95.6358165356665,0.294297630835989,-0.012534343663698,0.235068451891679,-0.501807419149159,0.512012557357724,0.590568896632778,0.446979166666667,-0.109560994478858,0,10.2884340313985,0,1.3035755889478882,4.465638850910873,5.74227555556728,10.2884340313985
190,0.10036039352417,2.04884609518519,8.45912856346025,8.70371336700059,16.4985056117282,109.605988499348,111.626718251815,667.224141932753,-125.616928014447,0.216822268983306,-0.77197148329261,0.135147597345747,-0.995620394033912,0.0,-5.10173923575156,0.466276041666667,0.192275800466572,0,10.213532687599,0,1.4582401424306328,5.764893885661139,7.222994461283935,10.213532687599
191,0.110621213912964,3.65636573291262,1.45100634388591,3.93375517575952,20.3712913909929,113.26252448594,116.251986564231,694.870665357358,27.6465234246048,0.044005496029925,-1.56223898509513,0.097858347201473,-0.337089504130853,0.181609329536748,1.64172244285474,0.221002604166667,-2.21723690080801,0,9.88257179173267,0,1.8806051995863229,4.619913570140858,5.578374818521728,9.88257179173267
192,0.093638896942139,3.36917408286847,4.29833119268426,5.4614087049657,30.156284588341,124.094319091505,130.006564801804,777.085629713011,82.2149643556538,0.087004096728268,0.459195933554328,0.284850315207552,1.99694757320374,0.86739297989174,7.32370492124391,0.147369791666667,-0.786348567791216,0,10.1837545278218,0,2.261319047706176,4.396984678713817,5.519891761743714,10.1837545278218
193,0.100017070770264,3.07897466322335,1.92566363506887,3.63156514635191,36.0000952589035,128.946991451878,137.765452364568,823.462672570616,46.3770428576044,0.16418458624655,0.771673164629703,0.399202937048467,1.14333104299346,1.16893207371158,3.0148762755957,0.091184895833333,-0.561753062758541,0,10.1219330185479,0,2.6249264141355084,4.585667139735702,4.575728454047812,10.1219330185479
194,0.101869106292725,4.34070173137518,6.59473186802348,7.89507314290931,32.8759150319405,112.328267144459,119.758501291182,715.830085436223,-107.632587134393,0.129873445083209,-0.336815963269053,0.362157143084746,-0.363660733974326,0.879546023465203,-2.84076361104827,0.088697916666667,-0.024413477816525,0,10.0855720123652,0,3.0362642064531213,4.545772320624554,6.235400798478561,10.0855720123652
195,0.105224609375,3.6743353894784,2.46195607918331,4.42289139480059,35.2569786469799,118.532396464001,126.365230112571,755.320352980317,39.4902675440939,0.131932855698021,0.019571568163041,0.403341354732179,0.391393343173739,0.330632905270988,-5.216584993326,0.070455729166667,-0.173364269141531,0,9.95489800824349,0,2.979819428995264,3.3463378237691663,5.329146096639576,9.95489800824349
196,0.097497463226318,0.133910602058789,6.05012030984147,6.05160208646438,32.4812636750354,103.286093283201,110.895658212007,662.854391433941,-92.4659615463759,0.115849561188375,-0.164961158756635,0.363411984496044,-0.409542657981233,1.05704097519631,7.45053302811711,0.078463541666667,0.082133547222779,0,10.0554920054957,0,2.900329756728857,4.266160616960278,5.690374091551978,10.0554920054957
197,0.10396146774292,1.20706155567412,3.02826308781295,3.25996547960202,33.5190976800788,110.917316264489,118.617944784834,709.012659929207,46.158268495266,0.1193958423276,0.034111495501332,0.378054088615983,0.140841644869292,0.674626143299656,-3.67842855818756,0.074166666666667,-0.041331419162198,0,9.97410467033044,0,2.78007482251299,4.012146995986016,4.475169785576999,9.97410467033044
198,0.099884748458862,0.691653235942225,4.47164530099421,4.52481998500415,34.196949258212,122.185862422995,129.466187041519,773.855640575354,64.842980646147,0.117302728505734,-0.020955289512766,0.378428484480095,0.003748278589954,0.225687098043047,-4.4945705143514,0.082565104166667,0.084081279970975,0,10.0199531135536,0,2.356544465802933,4.521343329171084,4.499994885290574,10.0199531135536
199,0.103570699691772,1.68101776820353,5.56428488657525,5.81266608674416,34.7566573366197,136.207860337164,143.563262089182,858.117804237823,84.2621636624687,0.14604715468957,0.277534343876982,0.400134763101347,0.209579337455962,0.544890475878144,3.08198533740768,0.0932421875,0.103089805950027,0,9.93056540903575,0,2.115379277993656,4.315253932881438,5.156330486017367,9.93056540903575
200,0.100868940353394,0.698772789954538,0.945719551733104,1.17586941558623,35.6500252270141,138.591073607532,145.754744882175,871.21691033908,13.0991061012571,0.1212427061602,-0.245907694107505,0.367108007037454,-0.327422454803066,0.610979496936966,0.655196939982512,0.091041666666667,-0.02181564340444,0,10.0241336060238,0,1.7753504389552544,4.012006627391396,3.166099950801798,10.0241336060238
201,0.101014852523804,0.54032574334918,2.93756232276348,2.98684186207529,32.4063189118548,131.188416554168,137.789617667488,823.607115350608,-47.6097949884717,0.118576537258937,-0.026393830557088,0.343791601000616,-0.230821561921736,0.393786132297598,-2.15011316863713,0.0851953125,-0.057876183755147,0,10.0485990706826,0,1.2324395835229691,3.3894950299757998,3.0764709064385443,10.0485990706826
202,0.12328839302063,0.837699870129332,0.694871841282485,1.08838777474851,31.2886543350544,129.437339514136,135.555078788436,810.25065097057,-13.3564643800379,0.101886984791653,-0.135370021932974,0.314858179045531,-0.234680826363308,0.755352035173108,2.9326840428118,0.084244791666667,-0.007709734955944,0,9.40275271378837,0,0.8272059379016735,2.9228167806697054,2.082429340593527,9.40275271378837
203,0.080564260482788,2.48386391136837,9.86700836280242,10.1748431910183,26.5075646557984,104.572478439874,110.126966448917,658.259705591059,-151.990945379511,0.053774941178571,-0.597188422319862,0.251863354931338,-0.781920217931506,0.373600619735926,-4.73847104348137,0.067942708333333,-0.202348823605427,0,10.5301118091922,0,1.1629135535173278,4.001889393031348,6.128636265805914,10.5301118091922
204,0.100050687789917,2.46528937719535,9.5668811018041,9.87941626460636,28.2386373211199,128.68101881642,133.890959650904,800.303745059486,142.044039468427,0.08369105255408,0.299009552421327,0.279802983852919,0.279254741159279,0.405309096855204,0.316924129355888,0.096041666666667,0.280847228080376,0,10.3850345394615,0,1.3426603851632175,4.802408636077118,8.004026265206138,10.3850345394615
205,0.10200834274292,1.77381569345659,6.03824640440643,6.29339667863707,27.020357476358,113.464637877316,118.451926697316,708.020323347749,-92.2834217117371,0.044957229888257,-0.379712302193156,0.210423711842645,-0.680133312087257,0.562665685936903,1.54258548713282,0.0832421875,-0.125474827082759,0,10.2237396929743,0,1.4972550219509844,5.820914006611782,7.148711471921604,10.2237396929743
206,0.127202272415161,0.31017601406129,4.13676259464285,4.14837485337755,28.6948148577459,123.93896905681,129.253735929035,772.585760805983,64.5654374582333,0.007198669073007,-0.296838728572508,0.164141575312036,-0.363846774525802,0.270098915343877,-2.30001213844789,0.092513020833333,0.072882607812817,0,9.51493979531622,0,1.3014204856449498,6.060754060987657,5.6485431626495775,9.51493979531622
207,0.07710337638855,1.62692621031812,5.88675905867137,6.10743981621346,29.392797413581,109.054646787964,114.80304013154,686.209906935009,-86.3758538709736,0.043041655657474,0.464869221859261,0.11522295061174,-0.634455026376265,0.476459532088724,2.67641478766022,0.069375,-0.300090889881827,0,10.6664931968775,0,1.434013831411176,7.099131504465433,5.877991489431519,10.6664931968775
208,0.099912166595459,1.35803589289737,1.87296857506279,2.31349795106248,29.6000462604192,104.334765978806,110.436345655259,660.108951709877,-26.1009552251325,0.07493544534191,0.31921827712508,0.09172701335742,-0.235165926783012,0.0,-4.76878390614721,0.064453125,-0.049262018508001,0,10.547345464585,0,1.5508295670609171,5.500323546917508,4.095744720247,10.547345464585
209,0.101853847503662,0.750093365133965,14.143850692241,14.1637266445249,23.0847871396749,68.6922622343586,74.0072794231118,442.362225488615,-217.746726221262,0.075992947022523,0.010382540341191,0.070021510668889,-0.213104396353323,0.257801921456773,2.53109654446292,0.050338541666667,-0.138576830225543,0,10.3369536430567,0,1.5383143520615792,6.415717465004887,9.129735682385949,10.3369536430567
210,0.125338792800903,1.63510510110318,3.93487808010366,4.26108368809319,18.8227857955807,59.0094983068532,63.3152189076255,378.452786828552,-63.9094386600626,0.090874897617187,0.118733795516161,0.028495248050759,-0.33131213162467,0.0,-2.05684062927176,0.050286458333333,-0.000415540409872,0,9.63054576203777,0,1.4170630934522666,5.995043800144333,6.69540968523957,9.63054576203777
211,0.078536510467529,1.14767080428782,0.649306386506238,1.31861558407765,16.4346959848691,57.1401173785016,60.9009193603019,364.02184261502,-14.430944213532,0.099373016454784,0.108205964168851,0.011247906997161,-0.219609210428676,0.393775115610332,5.01391153319879,0.048138020833333,-0.027355907299806,0,10.7495605080252,0,1.2288318687511908,5.297552558517012,4.00701263465861,10.7495605080252
212,0.100539207458496,0.277582111868739,4.34406979447753,4.35292938239545,13.847282213259,46.2619254403717,49.4648452291146,295.665226307017,-68.3566163080029,0.098775865465212,-0.005939483756309,0.014046069787425,0.027831558065735,0.358853975711661,-0.347338523760367,0.0466015625,-0.015282180675311,0,10.5481403386835,0,1.0150842142386407,4.989014705678243,4.17997100852703,10.5481403386835
213,0.102267026901245,1.07708127788642,0.082854590839068,1.08026337640251,12.1492616153037,45.9965378661541,48.7351386101949,291.303565583704,-4.36166072331338,0.121462621504908,0.2218384236554,0.05089572637998,0.360327836929676,0.0,-3.50899000963616,0.0481640625,0.015278629362217,0,10.2915335591223,0,1.124642109070802,4.6309919088335,2.6301171924647697,10.2915335591223
214,0.133546829223633,2.38084818580136,5.3107249695721,5.81998606409587,13.8267298876017,32.873557780386,36.8696304372095,220.380101799194,-70.9234637845102,0.117210607184044,-0.031839125987361,0.036806156811879,-0.105502838592349,0.0,0.0,0.0433984375,-0.035685047916935,0,9.43190570608154,0,1.2323452484255506,2.8643667642997195,4.22505162828032,9.43190570608154
215,0.077444553375244,1.07691130622691,0.774570490415166,1.32653586687331,11.8487349978641,30.6757505551065,34.1546213836134,204.151732691013,-16.2283691081802,0.118898761690537,0.021798234129037,0.043985831355215,0.09270728838151,0.0,0.0,0.056380208333333,0.167626647292191,0,10.6351338040544,0,1.1921845931869135,2.23230524636202,2.775793747576815,10.6351338040544
216,0.094521522521973,0.35340603841362,2.55628664726188,2.58060017262585,10.5831314040982,24.4464698720722,27.6334041433585,165.172591804056,-38.9791408869574,0.115378822553004,-0.037239551835559,0.047619000665448,0.038437481890845,0.0,0.0,0.086927083333333,0.323173751172904,0,10.6518892027029,0,1.135514975084007,2.6137012985131487,2.6781969601013325,10.6518892027029
217,0.101315021514893,0.984615428380021,1.0611590278328,1.44759318323727,8.42158253042938,22.3602678035948,24.7942672180519,148.202275660354,-16.9703161437022,0.106354831999278,-0.089068633839249,0.0673909515029,0.195153201784055,0.0,0.0,0.450143229166667,3.58501770421026,0,10.4571294684686,0,1.0425878789806986,1.9571191451842025,2.0628950716693013,10.4571294684686
218,0.13710355758667,0.790046164738246,0.239040428129648,0.82541702714326,7.74034806308535,20.9552378360404,23.4884035295287,140.396762852117,-7.80551280823704,0.097074996727748,-0.067684861245584,0.068775700405328,0.010100021668308,0.0,0.0,0.047369791666667,-2.93773148260859,0,9.40267297897907,0,0.9914986447593308,1.9883563126423192,1.4441560494062806,9.40267297897907
219,0.079830169677734,0.674650873005688,2.38617403851434,2.47971376221676,5.43175858395924,15.3168624371244,17.1146938251592,102.299315797972,-38.0974470541449,0.070776827404506,-0.32942644904057,0.04806548675463,-0.259428405755652,0.0,0.0,0.0,-0.593382074194422,0,10.5274886526527,0,1.0482227534931807,1.403446126430767,1.9619349058115203,0.0
220,0.085599184036255,0.348935426345351,3.72801409002837,3.74430834563727,4.60370232129178,6.82435923483031,8.93043769205173,53.3797259247678,-48.9195898732041,0.029600967372712,-0.481030987565891,0.002210704206797,-0.53569181837541,0.0,0.0,0.0,0.0,0,10.9903257684351,0,0.9442019175587424,1.994134846353408,2.853121625724395,0.0
221,0.100178956985474,0.015646118948878,1.19024985421324,1.19035268575864,5.18947177321951,5.14110046141148,7.88591827468973,47.136340981664,-6.24338494310373,0.02309536944526,-0.064939765028652,0.004138219988395,0.019240725194193,0.0,0.0,0.0,0.0,0,10.9903257684351,0,0.6063159080083876,1.7209274877436798,2.0217371557415174,0.0
222,0.137978553771973,0.674918621676654,0.974404173936569,1.18531794893645,4.3799814628243,6.51045199867194,8.52857760343311,50.9776956850117,3.84135470334772,0.016889233509737,-0.044978989602827,0.011521739045421,0.053512077458271,0.0,0.0,0.0,0.0,0,10.1292505122901,0,0.5488883816440654,1.7035765169644337,1.6035275523389836,0.0
223,0.078665733337402,0.105891247691351,0.484025518972224,0.495473167138203,4.71315604127601,5.05095914040003,7.62896164181338,45.6004392587621,-5.37725642624967,0.016837988558922,-0.000651426595049,0.007079833422776,-0.056465571910379,0.0,0.0,0.0,0.0,0,10.1292505122901,0,0.5135291258265985,1.7525735351329488,1.0495003597385932,0.0
224,0.087506055831909,0.050544058404492,0.002780025470181,0.050620454182193,4.25099935774936,5.64842349480722,7.70653406521897,46.0641113478016,0.463672089039498,0.024516016637496,0.087742819689218,0.00890158891984,0.020818621977014,0.0,0.0,0.0,0.0,0,11.7429636748601,0,0.3800903586872371,1.2758947325241168,0.5500604069603932,0.0
225,0.099950551986694,0.237748134461083,0.194521995817042,0.30718558282636,4.05172736692979,5.86538541962575,7.75400622428066,46.3478657310862,0.283754383284602,0.015578159930238,-0.089422784863143,0.000933422927211,-0.079721080416735,0.0,0.0,0.0,0.0,0,12.1974691165734,0,0.3011906400762138,0.5691963136818513,0.4286229948933766,0.0
226,0.148556709289551,0.108082794163583,0.197764052250047,0.225371938707033,4.03682648882168,5.69652883035402,7.6171913300383,45.5300848104956,-0.817780920590607,0.010050085032469,-0.037211883086301,0.003166429769118,0.015031342930159,0.0,0.0,0.0,0.0,0,10.9812860777156,0,0.2202523430987702,0.3706991532892126,0.3269974668002048,0.0
227,0.077697277069092,0.161309936267416,0.041072309521471,0.166456691508708,4.03352197793758,5.49081848971226,7.41520639588734,44.3227643187456,-1.20732049174999,0.014381239526576,0.055743967581456,0.004344052708277,0.015156553531623,0.0,0.0,0.0,0.0,0,12.9838607184771,0,0.1934487016590652,0.184032780406193,0.2467270791544564,0.0
228,0.080977916717529,0.046525767900835,0.064265722680272,0.079339335706697,4.15989680255396,5.11073228368597,7.17348693644055,42.877939446675,-1.44482487207057,0.012571608398875,-0.022347217624939,0.000306616287858,-0.049858487154005,0.0,0.0,0.0,0.0,0,14.048323812318,0,0.1978600800807734,0.1000808211478025,0.1630332074305767,0.0
229,0.100036382675171,0.026083605767391,0.175539812636855,0.177467124590474,4.01284057351224,5.77311541888914,7.57958575370568,45.3053057540709,2.42736630739592,0.026193995054618,0.136174322695937,0.00219936609427,0.018920614238493,0.0,0.0,0.0,0.0,0,13.6639858748787,0,0.1051693635223072,0.1346327785811374,0.1702501660105253,0.0
230,0.100162029266357,0.069321923481857,0.003911300836557,0.069432178054981,4.28381738588218,5.10797261554794,7.36389866124026,44.0160836265193,-1.2892221275516,0.015881416358815,-0.102958963305141,0.013810993346273,0.115928434528065,0.0,0.0,0.0,0.0,0,12.9031772499191,0,0.0999451743495224,0.0965106395850404,0.1198411720327531,0.0
231,0.100315093994141,0.048048457247169,0.109394179418408,0.119481131290509,4.29148006778514,5.14765137761026,7.44207484321665,44.4833645495427,0.46728092302336,0.018674177316802,0.027839887765545,0.001835989723604,-0.119373896249035,0.0,0.0,0.0,0.0,0,11.9582114999461,0,0.0995886598984762,0.0788366650187126,0.119661151661631,0.0
232,0.213489770889282,0.042737854789904,0.08076426486336,0.09137500047038,4.03679275966829,5.18643894078431,7.24021752603158,43.2768068601208,-1.20655768942189,0.018158212555251,-0.002416812568592,0.004384717703671,0.011938407959551,0.0,0.0,0.0,0.0,0,9.54911099996406,0,0.0717300485168792,0.0867750560870904,0.1055180760660055,0.0
233,0.077343225479126,0.095888900217498,0.135037036985825,0.165619088703061,4.30988944189905,5.74656159183419,7.78369109801244,46.5253005308748,3.24849367075396,0.016086975457281,-0.026779812777901,0.006781524555312,0.030989228038952,0.0,0.0,0.0,0.0,0,10.718963999976,0,0.0699880636674385,0.100929318948201,0.1355685823845332,0.0
234,0.07933235168457,0.165048818516368,0.021249445728941,0.166411091689935,3.61135482833659,4.98969454107448,6.67109828660236,39.875021856203,-6.65027867467179,0.013149549139351,-0.037026840318681,0.001209977470485,-0.070230454115106,0.0,0.0,0.0,0.0,0,11.3477093333174,0,0.0705221897030031,0.0700712455666182,0.1509898370372341,0.0
235,0.079853534698486,0.233346804165682,0.253162127897936,0.344298989275525,4.13428918447302,4.97150218230004,7.03768730148907,42.0662270150609,2.19120515885796,0.028605070328654,0.193548366364249,0.000535027515955,-0.008452349129924,0.0,0.0,0.0,0.0,0,11.7811928888782,0,0.0972109091694098,0.119921410978894,0.2476444131563795,0.0
236,0.105828285217285,0.240388080914466,0.263004651604254,0.356311487621737,3.95057407115293,4.79355402879984,6.73412059396855,40.2517238287555,-1.8145031863054,0.021865378665252,-0.063685163655105,0.005895665356941,0.050654112272342,0.0,0.0,0.0,0.0,0,11.0668819259188,0,0.1278258341904205,0.1506435054160632,0.3019779503890583,0.0
237,0.095290660858154,0.344237663281871,0.544488595457034,0.644179632870007,4.00570121453406,4.47300131569283,6.83975426206259,40.8831258322997,0.63140200354416,0.021102354657172,-0.008007332525648,0.010624488473483,0.049625252610857,0.0,0.0,0.0,0.0,0,10.9459512839459,0,0.1670995113047083,0.2433883715347979,0.4730787916295326,0.0
238,0.106242895126343,0.207747827133057,0.550599205940131,0.588488441059303,4.10081121314381,4.82082009717884,7.04300794291234,42.0980299782204,1.21490414592068,0.018007628140481,-0.029128785628538,0.00025629116393,-0.097589559256861,0.0,0.0,0.0,0.0,0,10.4975141892973,0,0.1899137070026923,0.3265008053256591,0.5307836163444178,0.0
239,0.078963756561279,0.233984003752124,0.25987669837445,0.349691882047438,4.4349705857227,4.88192796202649,7.30066239116889,43.6381027389847,1.54007276076435,0.014841658634771,-0.040093957577277,7.35871596105157e-07,-0.00323636188883,0.0,0.0,0.0,0.0,0,11.3041161261982,0,0.2172345854258665,0.374226255854761,0.4402377491959279,0.0
240,0.120766639709473,0.510391379117364,0.22096190900861,0.556168612122308,3.61554459144955,4.95027133703364,6.78386040842974,40.549032623133,-3.08907011585171,0.018642004315157,0.031468505619835,7.69026863118444e-05,0.000630694162717,0.0,0.0,0.0,0.0,0,10.3238240841321,0,0.2764492252687046,0.3677862120768959,0.4982031806591179,0.0
241,0.078066825866699,0.105931076375174,0.052132471440796,0.118064336361699,4.00891787637187,4.57653005919742,6.84276030182893,40.9010937734443,0.352061150311272,0.020254319683727,0.020653015550069,0.002170012611157,0.026811771858365,0.0,0.0,0.0,0.0,0,11.2377927227547,0,0.2680038335342483,0.3256117760442042,0.3081337585104085,0.0
242,0.083919763565064,0.420330217863978,0.046519314401232,0.422896605167196,3.96251197624495,4.40549890652592,6.53752538539789,39.0766192355098,-1.82447453793444,0.017721070746338,-0.030186559515563,0.002217293211941,0.000563402454628,0.0,0.0,0.0,0.0,0,11.5830718151698,0,0.294715749776862,0.2260179198330437,0.3655151818388022,0.0
243,0.098628520965576,0.223612106607464,0.181251265905738,0.287844394793194,4.11631135003183,4.27290900882374,6.71443609189756,40.1340640497225,1.05744481421267,0.016099698658647,-0.016439180794939,0.006099100473893,0.039357857381916,0.0,0.0,0.0,0.0,0,11.1355312101132,0,0.2923191820187188,0.1521483318261652,0.3266797883159981,0.0
244,0.102217674255371,0.273595140261376,0.145205290554357,0.309740015463965,4.21008163408827,4.1907889164203,6.62505693835299,39.5998198296611,-0.534244220061382,0.018895484090427,0.027351291761878,0.010899170873368,0.046959299694905,0.0,0.0,0.0,0.0,0,10.7499208067421,0,0.282227393015791,0.1292140502621466,0.3182099018899815,0.0
245,0.101615428924561,0.071220821531241,0.05499970289285,0.089985402915621,4.32501863033877,4.41471803794906,6.91630315646035,41.3406800019495,1.74086017228841,0.026207002395456,0.071952836123516,0.005744924959896,-0.050723064086041,0.0,0.0,0.0,0.0,0,10.4797605378281,0,0.2627235350726744,0.0960216090389946,0.2040976524028012,0.0
246,0.100237846374512,0.099742929330733,0.032668345939586,0.104956528038536,3.9782445223953,4.8251346290246,6.88047487776658,41.1265243510197,-0.214155650929797,0.01817074603083,-0.080171877741674,0.001474980030059,-0.042598131187735,0.0,0.0,0.0,0.0,0,10.3784403585521,0,0.2435462387267614,0.0921287839387526,0.1545270902206686,0.0
247,0.102114200592041,0.09817193831237,0.121154062971327,0.155936001123756,4.03605058967163,4.33111088129747,6.59938862543742,39.4463931382008,-1.68013121281893,0.020836540814991,0.026106014332043,0.00542787265756,0.038710508475638,0.0,0.0,0.0,0.0,0,10.215923572368,0,0.1846577471831909,0.1070557336527715,0.1552315456722123,0.0
248,0.134872913360596,0.189890547500392,0.035110129352303,0.193109143266532,4.10640796044569,4.40361028458241,6.7669756401096,40.4481076364401,1.0017144982393,0.02254816583503,0.012690650608716,0.002506570346407,-0.02165966641013,0.0,0.0,0.0,0.0,0,9.3067923815787,0,0.1966519573439362,0.0778275063420846,0.1741703444693721,0.0
249,0.076997041702271,0.157848734706017,0.210927223573611,0.263451165669773,4.26298946696156,4.32330533792407,6.65689051082581,39.7900980032962,-0.658009633143877,0.024600089971395,0.026649389262238,0.005710999692866,0.041617564462412,0.0,0.0,0.0,0.0,0,10.4904082543858,0,0.1591546026070847,0.0909718929459354,0.2188107550695726,0.0
250,0.091983318328858,0.010885054536665,0.231108851765681,0.231365048736229,4.20932994993003,4.33975128768521,6.56070587353078,39.2151755018435,-0.574922501452733,0.025605952974182,0.010935276320334,0.000233716190634,-0.059546487360356,0.0,0.0,0.0,0.0,0,10.7261655029239,0,0.1287650237398277,0.1261937227205016,0.2250879019029008,0.0
251,0.101773262023926,0.185189727354933,0.088105483853322,0.205080012197246,3.80067014447293,4.02259444577378,6.17126155418345,36.8873577904876,-2.32781771135587,0.017240023724975,-0.082201641991587,0.002025367314063,0.017604340155748,0.0,0.0,0.0,0.0,0,10.4587836686159,0,0.1161356790389073,0.1372811503032487,0.2150839570500733,0.0
252,0.100262641906738,0.115744492384229,0.023703747111699,0.118146752576693,4.0065933891137,4.05466005373712,6.31697019381438,37.758299116834,0.870941326346419,0.022998111016216,0.057430037566701,0.001694591080941,-0.003299097518594,0.0,0.0,0.0,0.0,0,10.2971224457439,0,0.122496203446477,0.1177910871313231,0.1666153548133832,0.0
253,0.101633787155151,0.462897365828516,0.106083173759549,0.474897474246682,4.02167929909857,4.3441518161711,6.63007122156476,39.6297916040336,1.87149248719955,0.016995304110201,-0.05906310365913,0.004698245132815,0.029553696029151,0.0,0.0,0.0,0.0,0,10.242891630496,0,0.174375408660446,0.1319856960127723,0.3207564145300325,0.0
254,0.101112842559814,0.425529285649814,0.208571781085867,0.473895938799829,3.80916370877245,4.98346794915021,6.69394825274234,40.0116025000641,0.38181089603053,0.016329864034446,-0.006581162777233,0.004079013177609,-0.006124167212882,0.0,0.0,0.0,0.0,0,10.158207753664,0,0.2211407439943666,0.1315146075152236,0.3973261766649307,0.0
255,0.102130889892578,0.308538193880563,0.129958637945399,0.334791076135107,3.35841515422239,4.12486865399706,5.90451163779076,35.2929188706383,-4.71868362942582,0.021038503661648,0.046103971405262,0.000986034484604,-0.030284458465583,0.0,0.0,0.0,0.0,0,10.068561835776,0,0.2380904077629624,0.1112845647511671,0.3660586264000188,0.0
256,0.124867677688599,0.135486357336281,0.079548669668585,0.157113156261008,3.49029485433447,4.48407993860864,6.23785959289342,37.2854329102132,1.99251403957491,0.017630406645685,-0.027293668618245,0.002552937146145,0.012548504869675,0.0,0.0,0.0,0.0,0,9.46195122385066,0,0.2348957824244287,0.1095732019142197,0.2615858913305134,0.0
257,0.079013109207153,0.012557894556871,0.112006220099069,0.112708003516089,3.7332614219895,4.24253303865486,6.19632194758893,37.0371507768652,-0.248282133348027,0.018044262630112,0.00523781418779,0.004313033706818,0.022276006833984,0.0,0.0,0.0,0.0,0,10.5688641492338,0,0.2351347595701724,0.1272336965116938,0.1871469474233012,0.0
258,0.101165056228638,0.230332215252844,0.345969673676176,0.415629576049253,3.55538004102791,4.85130055723975,6.6975951123413,40.0334008007288,2.99625002386361,0.022799245215253,0.047002223518712,0.00460753685469,0.002911115348034,0.0,0.0,0.0,0.0,0,10.4067527661559,0,0.2415836864127311,0.1752109964950192,0.3013882617362771,0.0
259,0.10096287727356,0.274006000321066,0.423454828783595,0.504374147069506,3.3297999003766,3.97153357890888,5.79594523922242,34.6439871161091,-5.38941368461969,0.019729954270133,-0.030400192902623,0.002006769386871,-0.025759640949733,0.0,0.0,0.0,0.0,0,10.4067527661559,0,0.2641924732608507,0.2181876060345648,0.4028812044028915,0.0
260,0.118943452835083,0.031008699637856,0.133760904069895,0.137308116696815,3.91873657544676,4.09613429466157,6.24490994306195,37.3275748267292,2.68358771062005,0.019253299314509,-0.004007408094036,0.005283064716381,0.027544982522516,0.0,0.0,0.0,0.0,0,10.1886785107706,0,0.2024940923764707,0.218948059259464,0.2700946605498532,0.0
261,0.083905696868897,0.06102224559351,0.080102165217729,0.100697921179352,4.29419074315572,4.32302870921222,6.50479241628234,38.8809651163789,1.55339028964977,0.029044511808559,0.116693059701874,0.000696097053196,-0.054668131418436,0.0,0.0,0.0,0.0,0,11.321345673847,0,0.150421658082713,0.2190587583692928,0.1853962908646026,0.0
262,0.103074550628662,0.013785202615166,0.032563416179281,0.035361106945432,3.63453057114689,4.19120497573933,6.22774012967915,37.224946045906,-1.65601907047297,0.018420703612668,-0.103069168200053,0.002542414698815,0.017912449138591,0.0,0.0,0.0,0.0,0,11.3312337825647,0,0.108314087901942,0.2031701975853352,0.1103786989050173,0.0
263,0.101286888122559,0.209987512457278,0.273685749253847,0.344961801845704,4.07539684544142,3.85566589503333,6.16433905414928,36.8459800700129,-0.378965975893038,0.02362481026041,0.051379865096113,0.00031507941047,-0.021990361532784,0.0,0.0,0.0,0.0,0,11.3716958550431,0,0.1189571100620844,0.1887134127008694,0.2276702503753606,0.0
264,0.112979412078857,0.463982444254494,0.205173600155438,0.507322298718594,3.64434521246086,3.88025533364224,5.89050183253583,35.2091783429559,-1.63680172705707,0.015125181915572,-0.075231656710215,0.009608193825243,0.082254936928574,0.0,0.0,0.0,0.0,0,11.0035839033621,0,0.1834463314474591,0.145057166975238,0.3674962745469773,0.0
265,0.090811729431152,0.270977833049655,0.010061893265699,0.271164576780185,3.69038700002729,4.20367781685642,6.11982873397332,36.5799294268366,1.37075108388077,0.013486817541367,-0.018041329952288,0.001014782593914,-0.094628868816381,0.0,0.0,0.0,0.0,0,11.5936159355747,0,0.189252848275575,0.1203173648143987,0.3193304256635811,0.0
266,0.111123085021973,0.038500686042401,0.207023295803767,0.210572903839002,3.74346581643698,3.87817258820006,5.99317301930998,35.8228727663829,-0.757056660453692,0.01988319825764,0.057561223349845,0.002335809252632,0.011887958820226,0.0,0.0,0.0,0.0,0,11.2087039570498,0,0.1556092319500514,0.1457015909316063,0.2649516647512916,0.0
267,0.091212749481201,0.173190941020621,0.301951901184942,0.348094890339989,3.79513401412329,4.08496949137939,6.17758820881508,36.9251739762002,1.10230120981728,0.017532118675551,-0.025775778007594,0.002816181333165,0.005266501484332,0.0,0.0,0.0,0.0,0,11.1634726380332,0,0.1759209807190178,0.1995792879327386,0.3065232775456403,0.0
268,0.10821008682251,0.084990841187964,0.16364736713442,0.184401474657513,4.31983149824411,4.17667415599089,6.47271744374563,38.6892440269884,1.76407005078823,0.026378602301422,0.081752855816312,0.005357676664199,0.023486676756882,0.0,0.0,0.0,0.0,0,10.6151550920221,0,0.1793450658039398,0.1775716115088532,0.2454623761015766,0.0
269,0.095791578292847,0.272598814313704,0.01410288566181,0.272963376571341,3.79732351082187,4.19393942071753,6.25297212198168,37.3757647269258,-1.31347930006267,0.015802578240035,-0.110406616634445,0.006590462265967,0.012869457041402,0.0,0.0,0.0,0.0,0,10.6261433946814,0,0.2163184389037309,0.1393574686101275,0.2592128763364588,0.0
270,0.105099201202393,0.176096088605567,0.006457041325237,0.176214431318368,3.80372402419669,4.07063773122264,6.19269341998067,37.0154620516405,-0.360302675285318,0.022373537241357,0.062521493276324,0.000689239976036,-0.056149068902695,0.0,0.0,0.0,0.0,0,10.3191355964543,0,0.2114768069249151,0.1386364982220351,0.2177136538274134,0.0
271,0.098467826843262,0.138880591316068,0.152406430638364,0.206192964827191,4.37873398351207,4.58932461778714,6.98187236438106,41.7326055120538,4.71714346041333,0.023251168302141,0.008912871228293,0.001464387940223,0.007872093749169,0.0,0.0,0.0,0.0,0,10.2646237309695,0,0.1650336850765685,0.1277131251889545,0.2119533093273022,0.0
272,0.100224256515503,0.054250318733184,0.288365755287684,0.293424446672884,4.38107457384346,4.13637858533723,6.58895803385169,39.3840465725252,-2.34855893952861,0.018426745266014,-0.048136281613432,0.011308555465139,0.098221407343572,0.0,0.0,0.0,0.0,0,10.2354758206464,0,0.134072611602787,0.124995896009503,0.2526888780000931,0.0
273,0.102035045623779,0.095526887420144,0.065682408974647,0.115929138135732,3.61974740494006,3.71416853726913,5.70458948299518,34.0979281885159,-5.28611838400931,0.009193064636305,-0.090495187935286,0.001498975553023,-0.096139320094836,0.0,0.0,0.0,0.0,0,10.1558405470976,0,0.1422192117996074,0.1054029043775484,0.1843090080679125,0.0
274,0.10126805305481,0.077028501796672,0.207884359616235,0.221696407418099,4.37405242251597,3.90970688141305,6.47841772178729,38.7233161844853,4.62538799596938,0.018802311680564,0.094889224729726,0.001719712174639,0.002179726132358,0.0,0.0,0.0,0.0,0,10.0950703647317,0,0.1284817204819004,0.1441591991684334,0.2030027077430057,0.0
275,0.101348400115967,0.005696569220763,0.162085458986183,0.162185532386981,3.84825771174711,4.12063649691126,6.22636903465202,37.2167506271271,-1.50656555735818,0.023751297425022,0.048831414593574,0.000873756103673,-0.008347009622242,0.0,0.0,0.0,0.0,0,10.0848102431545,0,0.1171539673437288,0.1752848827006226,0.1825941200649933,0.0
276,0.102342367172241,0.044110028157058,0.066261700187615,0.079600926475575,4.33679671383635,3.36392403223355,6.02159969065041,35.992786938278,-1.22396368884905,0.017441677905788,-0.061652077175576,0.004364510602814,0.034108596425826,0.0,0.0,0.0,0.0,0,9.98024682876965,0,0.0845127121784937,0.1580559366104728,0.1310975232702841,0.0
277,0.101375818252563,0.052348030492301,0.137182409828964,0.146830956759482,3.81080458782396,3.7088126901188,5.81744843963237,34.7725177642105,-1.22026917406755,0.017866704353581,0.004192582167219,0.001930788405354,-0.024006930246396,0.0,0.0,0.0,0.0,0,10.0402345525131,0,0.0668344181623128,0.1278192675187288,0.138964240014883,0.0
278,0.102608203887939,0.264324926618924,0.007529900953735,0.264432158105766,4.6564827595786,3.95157699676982,6.63276082008672,39.6458680872812,4.87335032307069,0.019891568999486,0.019733944939883,0.001429494597084,-0.004885513918721,0.0,0.0,0.0,0.0,0,9.9745797016754,0,0.0847550374912922,0.1161887659145463,0.2016981990603245,0.0
279,0.102846145629883,0.133445604220531,0.26661923247688,0.298150204447932,3.87778242120587,3.80488222759806,6.02890086209184,36.0364280837529,-3.60944000352829,0.018432616331674,-0.014185778755996,5.05866343135653e-05,-0.013407483132456,0.0,0.0,0.0,0.0,0,9.8583964677836,0,0.0960686497037704,0.1279357404866754,0.2499242017541282,0.0
280,0.101967811584473,0.157789661076988,0.371996090653699,0.4040775527104,4.14418315215259,3.91174118812329,6.32261235238911,37.792023878008,1.75559579425514,0.023706847941842,0.051724475873433,0.005659447976075,0.055006195137523,0.0,0.0,0.0,0.0,0,9.9720309785224,0,0.1049633316547481,0.1699178668201786,0.3270008772322641,0.0
281,0.186346054077148,0.283228594703874,0.343893441962379,0.445512217882589,4.0566891166596,3.72711272296836,6.06537323059704,36.2544336397815,-1.53759023822649,0.020404329310646,-0.017722503691052,0.00457923568221,-0.005796807982946,0.0,0.0,0.0,0.0,0,8.4725839856816,0,0.1344204877843484,0.2254442151751313,0.3862565475574265,0.0
282,0.080452919006348,0.205199163114796,0.459166189581135,0.502931691383106,4.18952574137212,3.63991370310688,6.20432904609976,37.0850114460395,0.830577806257985,0.022201801366168,0.022341912235403,0.005197454785644,0.007684234594204,0.0,0.0,0.0,0.0,0,9.83303265712107,0,0.1629208583406388,0.2898409711255655,0.4445941194702663,0.0
283,0.089309692382813,0.363387080774892,0.314701871614706,0.480715548398319,3.76208231811674,3.74045470149293,5.80485199875713,34.6972253110594,-2.38778613498015,0.022654209974298,0.005065616016124,0.001559156011237,-0.040738005890914,0.0,0.0,0.0,0.0,0,9.83303265712107,0,0.2085318658574722,0.3512753652577598,0.4626548339342926,0.0
284,0.088425874710083,0.069755941445999,0.306234569154039,0.314078816082807,3.23654674950643,3.36433065241867,5.38952098005092,32.2146755513399,-2.48254975971941,0.025696291974948,0.034402622655692,8.79879777914636e-05,-0.016637302579916,0.0,0.0,0.0,0.0,0,10.928131771414,0,0.2110187102794291,0.3591984325931915,0.3883668250085498,0.0
285,0.086450815200806,0.266214243170524,0.137486018902075,0.299620474367819,4.2736265101577,3.87336499478138,6.31992397241896,37.7759546783857,5.56127912704574,0.019555780073191,-0.071028964706631,0.001694073528355,0.018578026671383,0.0,0.0,0.0,0.0,0,11.7580978476094,0,0.2112886126439434,0.3122964182428667,0.3439936496881844,0.0
286,0.083861112594605,0.300190445488264,0.094514586927229,0.314717827115763,3.65693625561066,3.77294936692254,5.65822441638817,33.8207912067341,-3.95516347165163,0.019119468856014,-0.005202783551012,0.003234990619974,0.018374632102343,0.0,0.0,0.0,0.0,0,11.7580978476094,0,0.2351093042536195,0.2624206472358368,0.3293557384019737,0.0
287,0.093209266662598,0.116305095584485,0.083224014525293,0.143014376384412,3.56528194261939,3.79624664923941,5.64345764265584,33.7325260665689,-0.088265140165149,0.014600086227307,-0.048486409029115,0.002531323019394,-0.007549330938599,0.0,0.0,0.0,0.0,0,12.5592918984062,0,0.2291829377546905,0.1872322122246684,0.2361850573931928,0.0
288,0.100021362304688,0.018841349302739,0.11250091437069,0.114067752576217,4.02395335931988,3.99625281604864,6.31016109272814,37.7175992136142,3.9850731470453,0.024880646690823,0.10278364767917,0.00033126658952,-0.021995865474931,0.0,0.0,0.0,0.0,0,12.7385945989375,0,0.1914133312688141,0.1467920207758652,0.1751264049847049,0.0
289,0.100050926208496,0.361503457926347,0.112903342876872,0.378724061719715,3.4115357887245,3.43182425224834,5.36230287864873,32.0519853402729,-5.66561387334135,0.021865708563645,-0.030134035150215,0.00154497412365,0.012130897535123,0.0,0.0,0.0,0.0,0,12.756889732625,0,0.2137425162418929,0.1081257755204318,0.27692523335221,0.0
290,0.101323366165161,0.4448190012348,0.206688813749975,0.490493842559616,3.52761216392692,3.71719240500939,5.73827818184198,34.2992949717817,2.24730963150884,0.020745849098139,-0.011052331835088,0.000847853019993,-0.006880161309692,0.0,0.0,0.0,0.0,0,12.78132982175,0,0.2253756477361654,0.1219663344900117,0.383709537955913,0.0
291,0.101978778839111,0.114803182733708,0.302529445258096,0.32357972126504,4.16464294033709,3.99695322893695,6.30040614779598,37.6592911771164,3.35999620533467,0.020649508354552,-0.000944713642232,0.002814299446919,0.019282898357012,0.0,0.0,0.0,0.0,0,12.7374498811667,0,0.2318109679201238,0.1635693061561852,0.3536446296104765,0.0
292,0.098803997039795,0.253035077593927,0.035748786450795,0.25554789419142,4.39744771163188,4.04219473789082,6.49154657426181,38.8017910107998,1.14249983368341,0.01839118951202,-0.02285655348156,0.000220146276733,-0.02625554884325,0.0,0.0,0.0,0.0,0,12.4051065874444,0,0.22992822998061,0.1540742605412856,0.3045962619009482,0.0
293,0.176884174346924,0.252294049569236,0.047984900794635,0.256816740405128,3.88157525453544,3.92861638071729,6.13902151484984,36.694650050646,-2.10714096015381,0.017109512851626,-0.00724585263281,0.006431328993476,0.035114406021205,0.0,0.0,0.0,0.0,0,10.456057724963,0,0.2230858877064631,0.1411710578260746,0.2807065011530381,0.0
294,0.083741188049316,0.024703042512807,0.023794221921924,0.034298765375146,3.78641239845035,3.74058037204768,5.82984509991583,34.8466160728413,-1.8480339778047,0.024097888457289,0.083452071417333,0.000673305167851,-0.068759758008624,0.0,0.0,0.0,0.0,0,10.951221816642,0,0.2099998801247948,0.123349233635085,0.157502633264092,0.0
295,0.079264640808106,0.15066517224082,0.053149871293141,0.159765149343758,3.88716511485656,3.50916285987146,5.8721510473216,35.0994905629144,0.252874490073118,0.019921465663334,-0.052689607262161,0.002018426674944,0.016970006971324,0.0,0.0,0.0,0.0,0,11.5481912110947,0,0.228831854830235,0.0926414451437181,0.158633891303925,0.0
296,0.07783055305481,0.299903344854573,0.389347485682534,0.491460558806373,4.13179828396038,2.91663571882069,5.5344852381449,33.0811675008702,-2.0183230620442,0.022674386673426,0.035370698293162,0.001207868329545,-0.010414397862855,0.0,0.0,0.0,0.0,0,12.1529141407298,0,0.2200318386771244,0.1100050532286058,0.325047225055149,0.0
297,0.101131916046143,0.243529344429043,0.408943200481513,0.475963320874732,3.41307573584368,3.72513893505039,5.41276875529514,32.3536340115733,-0.727533489296896,0.018121752923621,-0.045016785281983,0.004330651112518,0.030878311269695,0.0,0.0,0.0,0.0,0,11.3979694271532,0,0.1912761734191591,0.1846439360347494,0.4005052729649405,0.0
298,0.092656135559082,0.217899716331604,0.27343362286704,0.349637287044143,3.72994119693453,3.78007719766669,5.93420376496675,35.4703970262934,3.11676301472007,0.016689123847034,-0.015461783161395,0.002781599202531,-0.016718287468396,0.0,0.0,0.0,0.0,0,11.3041029514355,0,0.2060042496474299,0.2297336804492304,0.3750712800045417,0.0
299,0.100019454956055,0.066932666348279,0.02300191635261,0.070774783506433,3.78633397706396,3.26805840754825,5.47500907430967,32.7256618208511,-2.7447352054423,0.021072554784103,0.043825783083851,0.006280006300918,0.034977266172107,0.0,0.0,0.0,0.0,0,10.9020819676236,0,0.1794181908980517,0.2295752193353676,0.2229230317554874,0.0
300,0.100114345550537,0.152021843402084,0.206187728035189,0.256171856501999,3.94784853864059,3.55528406611783,5.76466229977363,34.4570002301938,1.73133840934272,0.025476483325814,0.043988985968928,0.004514501117675,-0.017634887123663,0.0,0.0,0.0,0.0,0,10.5975813117491,0,0.16509359001703,0.2601827906837772,0.2395474441287431,0.0
301,0.114540100097656,0.219345736120709,0.245249531911945,0.329028699139397,3.63593203816191,3.91310681793949,5.86761123258476,35.0723548194315,0.61535458923769,0.021322698484947,-0.036264896200762,0.01038980461389,0.051294729891154,0.0,0.0,0.0,0.0,0,10.0916508744994,0,0.1928996891038731,0.2313631999296594,0.2842880716340701,0.0
302,0.090143203735352,0.199703126779122,0.124531008737464,0.235349338181623,3.55642307000299,3.75776287105827,5.74318408229172,34.3286189120466,-0.743735907384895,0.022415590966312,0.012123958724312,0.000459405610687,-0.11016248138192,0.0,0.0,0.0,0.0,0,10.4625639163329,0,0.1999051111807734,0.1744807615808496,0.2598187049078465,0.0
303,0.119094371795654,0.103809529638046,0.039960691129478,0.111235224992885,4.26425190535189,3.32895515675327,6.01441216801515,35.9498251035305,1.62120619148396,0.019849517072146,-0.021546558879954,0.002702845187041,0.018837494522438,0.0,0.0,0.0,0.0,0,10.4625639163329,0,0.1718917090069838,0.1277861752333371,0.1855269649503657,0.0
304,0.083008050918579,0.009238135848985,0.084471507625348,0.084975165515952,4.13172848074828,3.60762736537507,6.06512112975788,36.2529267624969,0.303101658966369,0.022326964786853,0.029845872626709,0.001650609351158,-0.01267631060167,0.0,0.0,0.0,0.0,0,11.5930692775553,0,0.1384215363526898,0.1400800934878848,0.1352510652331588,0.0
305,0.099789381027222,0.140119200303891,0.027235506133589,0.142741595507948,3.72250621421459,3.38919785251113,5.57921908320437,33.3485542148451,-2.90437254765181,0.023517387285253,0.011929350459395,0.001419054681137,-0.002320433974415,0.0,0.0,0.0,0.0,0,11.6369428517035,0,0.1273100340630165,0.1042896491075648,0.1389963303705534,0.0
306,0.101861476898193,0.317824365541246,0.097552973646093,0.332458884674317,4.13977512986908,3.47079581706128,5.90141288989349,35.274396787044,1.92584257219888,0.021473513451773,-0.020065228737281,0.000742664759162,-0.00664029172334,0.0,0.0,0.0,0.0,0,11.5212419011357,0,0.1631517053762975,0.0747503374543944,0.2357276075224352,0.0
307,0.120256662368774,0.494170057468476,0.20433302884662,0.534748569307138,4.33218860049486,3.93578273841542,6.40952836152068,38.3115451944209,3.03714840737692,0.023640019784343,0.018015686531575,0.000816708468065,0.000615713985774,0.0,0.0,0.0,0.0,0,10.8961746007571,0,0.2120300216714964,0.0907107414762256,0.3852380884147866,0.0
308,0.082990169525147,0.306071703535807,0.264432629184884,0.404480534862855,3.59889883631331,3.95618827694562,5.93451131050844,35.4722353120853,-2.83930988233562,0.019659154014879,-0.047967919480606,0.000890832111967,0.000893161736216,0.0,0.0,0.0,0.0,0,11.8429730671714,0,0.2244194455879389,0.1356051290873068,0.3948593116388208,0.0
309,0.100823163986206,0.04078660751695,0.040814257861281,0.057700528572179,3.43408991404277,3.8457474696014,5.76100230113973,34.4351233938394,-1.03711191824591,0.01979481796779,0.001345563336317,0.001291496296218,0.003973929882873,0.0,0.0,0.0,0.0,0,11.7304120447809,0,0.201717085693343,0.1268736791344933,0.2262799201054999,0.0
310,0.101686477661133,0.013492285181945,0.065322853985514,0.066701701719249,3.79753090399398,3.46765986429772,5.7720610249622,34.5012244817229,0.066101087883546,0.009864426073902,-0.097656956188217,0.000821020440146,-0.004626729796266,0.0,0.0,0.0,0.0,0,11.6555913631873,0,0.1888146221996142,0.1344911487048783,0.1464908109123744,0.0
311,0.128976345062256,0.206544664397887,0.271939745552287,0.341484880488549,4.40070200884294,3.77130609859201,6.41498447544341,38.3441579146315,3.84293343290864,0.026339038257336,0.127733594679559,0.005211854953596,0.034043719500122,0.0,0.0,0.0,0.0,0,10.3031575754582,0,0.2170012691351717,0.1693685030861172,0.2439878457004617,0.0
312,0.075391054153442,0.442137007280945,0.508644708644561,0.673947010409172,3.89147293431241,4.23359757713929,6.33550261083402,37.8690725610195,-0.475085353612016,0.025406598278883,-0.012368045372524,0.003856261980728,-0.017980819980431,0.0,0.0,0.0,0.0,0,11.4228050503055,0,0.2601466701318937,0.2302308390457054,0.4589674280548169,0.0
313,0.099510431289673,0.329705219954156,0.090386356029651,0.34187018796809,3.42083299915934,3.88452484362228,5.76335402628383,34.4491803133287,-3.41989224769078,0.019457439519225,-0.059784272689371,0.005405578009896,0.015569383119829,0.0,0.0,0.0,0.0,0,11.031930033537,0,0.2618439350480236,0.1954215844146588,0.4004188080114534,0.0
314,0.100085735321045,0.163762330730616,0.118541053506627,0.202163503958516,4.41399893492914,3.89058939347003,6.41972575285147,38.3724978568944,3.92331754356571,0.021992071549055,0.025324608164191,0.006492774838609,0.010862655154858,0.0,0.0,0.0,0.0,0,10.7184033556913,0,0.2146428312283294,0.2109669435437279,0.3012911559849847,0.0
315,0.134362459182739,0.326432358166458,0.366042596358112,0.490454143429029,3.92163438470735,4.16911052923494,6.23203182718626,37.2505987232529,-1.12189913364153,0.019786510826634,-0.016415007107164,6.11428637728624e-05,-0.04786777507614,0.0,0.0,0.0,0.0,0,9.67607223712755,0,0.2175514961755653,0.2711108920182476,0.3958726497070068,0.0
316,0.076602935791016,0.186480312540022,0.084253213331459,0.204630180867096,3.77053972512079,3.26182995729465,5.59745485329056,33.4575545172708,-3.79304420598207,0.022768256697604,0.038924694467376,0.005637198138735,0.07279166545489,0.0,0.0,0.0,0.0,0,10.7586448247517,0,0.2383648826074327,0.233573585574082,0.3002514152870514,0.0
317,0.093106746673584,0.146098719310572,0.045671244896126,0.153070893361708,4.38880348974183,3.66990364184966,6.32999632684237,37.8361599602631,4.37860544299226,0.013411509697828,-0.100494833447233,0.00392581092547,-0.018380915179698,0.0,0.0,0.0,0.0,0,10.8241532165011,0,0.2573086589115223,0.1409788928243949,0.2266611543243797,0.0
318,0.102618455886841,0.317257618181876,0.198903107807919,0.374452724105575,4.0666823548342,3.82805681923197,6.20104461233746,37.065379466052,-0.770780494211081,0.023629546866422,0.099573094140699,0.006200734820175,0.022168759752277,0.0,0.0,0.0,0.0,0,10.5943121443341,0,0.2731247951663779,0.1626822431800486,0.3005569392149774,0.0
319,0.101145267486572,0.157373520909214,0.02495345961686,0.15933957521662,3.99139443994567,3.67566971578725,5.90909171090158,35.3202952496918,-1.74508421636025,0.023244989326994,-0.003802031958429,0.000299637057283,-0.05834279654929,0.0,0.0,0.0,0.0,0,10.3255080962227,0,0.2324442971132734,0.1439647244020952,0.2299482572157987,0.0
320,0.101717472076416,0.499212633040159,0.312890878257202,0.5891637757733,3.49298763966732,3.69544883317549,5.58359255796534,33.3746956977298,-1.94559955196202,0.023218326424967,-0.000262127061187,0.003387382704663,0.030356098950838,0.0,0.0,0.0,0.0,0,10.1934920641485,0,0.2566596418398453,0.1333343807819132,0.4095560164945493,0.0
321,0.100330591201782,0.184109776802335,0.0753292071818,0.198924355896517,4.96665755560081,3.38820439679379,6.60581713484016,39.4848181383918,6.11012244066209,0.019242203949354,-0.039630210766089,0.007989888419098,0.045873403707728,0.0,0.0,0.0,0.0,0,10.217681376099,0,0.2595664198500908,0.1315495795519814,0.3042401861955331,0.0
322,0.102033376693726,0.017464503240961,0.011888352772718,0.021126803002398,3.83682116488663,3.86171209615527,6.0134627371635,35.9441500895623,-3.54066804882959,0.019859857108049,0.006053442302012,0.00088157737682,-0.069666527489477,0.0,0.0,0.0,0.0,0,10.1113609173993,0,0.2154281548607341,0.1247930011272998,0.1626834945989655,0.0
323,0.140991926193237,0.0556045518139,0.216058242123777,0.223098700516254,3.90730953614323,3.94026930120566,6.06897781861209,36.2759792713564,0.331829181794134,0.022512178408805,0.018811866554127,0.004591322061675,0.026311752630222,0.0,0.0,0.0,0.0,0,9.15239394493289,0,0.1967316176141453,0.1282240279904714,0.1928910975576098,0.0
324,0.078524112701416,0.094867420848521,0.14869715562878,0.176382174922921,3.78451330666328,3.75297554240599,5.95249704228453,35.57974106554,-0.696238205816421,0.020572112644103,-0.024706624474442,0.003736217673154,-0.010889704564661,0.0,0.0,0.0,0.0,0,10.3465759632886,0,0.1894128606909951,0.1529727671928554,0.1846366362402653,0.0
325,0.086175203323364,0.120771802167024,0.163515120634733,0.203280650517609,4.03174311521941,3.87043192457432,6.12013102600649,36.5817363109375,1.00199524539756,0.027019766839259,0.074820295705733,0.001764967673548,-0.022874909760401,0.0,0.0,0.0,0.0,0,10.7658073088591,0,0.1613434584031591,0.1230976156683616,0.1939586433789372,0.0
326,0.100801229476929,0.069133070681716,0.240983904977829,0.250704255887782,3.52515349329146,3.67738959838816,5.58105661861377,33.3595376783564,-3.2221986325811,0.019828905154734,-0.071337043425355,0.002766617695926,0.009936882988185,0.0,0.0,0.0,0.0,0,10.6163148725727,0,0.1487376797992308,0.1562285552275674,0.2223314496333596,0.0
327,0.133812189102173,0.073700289324132,0.187054747923044,0.201050270745936,4.23914643736421,3.73133819426482,6.1305382762391,36.6439433588118,3.28440568045532,0.026592394501109,0.050544643143168,0.000403905815756,-0.017656925695804,0.0,0.0,0.0,0.0,0,9.61841658171514,0,0.0879502021255127,0.1912618342576326,0.2116908601896478,0.0
328,0.079680681228638,0.228469655945023,0.394122727694045,0.455555823333026,3.98786698159537,3.99696385475172,6.19173082688688,37.0097083632665,0.365765004454758,0.015877220458872,-0.134476436157606,0.009801166173514,0.117936496185239,0.0,0.0,0.0,0.0,0,10.5119743878101,0,0.0942873277173252,0.2268747313716861,0.3336233417613369,0.0
329,0.090112924575806,0.034526065375391,0.456015988099513,0.457321146015227,3.85762854440372,3.2961275599969,5.61372689765672,33.554817081375,-3.45489128189156,0.019650222207937,0.041869707001816,0.002042576524305,-0.086098522334417,0.0,0.0,0.0,0.0,0,10.5960729252067,0,0.0967246937365295,0.2883384978658328,0.3954722438882819,0.0
330,0.102388620376587,0.233871787176881,0.512451829497993,0.563296449831834,3.6094190461653,3.59599027438299,5.60340310186764,33.4931088640706,-0.061708217304378,0.019200135363302,-0.004395867851139,0.004800587396064,0.026936693370953,0.0,0.0,0.0,0.0,0,9.96150528347115,0,0.1221914416455268,0.3581258396384847,0.479384346860058,0.0
331,0.128484010696411,0.218700790596732,0.501301297826871,0.546930550445429,4.64512346051209,3.71129809145035,6.37443764272787,38.1017981454794,4.60868928140883,0.026673212540618,0.058163479928828,0.004222488529124,-0.004499383727257,0.0,0.0,0.0,0.0,0,8.6905435223141,0,0.1398819230381284,0.4101893182082932,0.5131574486527435,0.0
332,0.086954116821289,0.200597665548305,0.067651533586365,0.2116982603141,3.26291165885764,3.46990985639139,5.36545680596064,32.0708372466745,-6.0309608988049,0.019402429036734,-0.083616322834103,0.004282187252619,0.000686554307923,0.0,0.0,0.0,0.0,0,8.2854323482094,0,0.1512856178068828,0.3863086753409573,0.3624278544834217,0.0
333,0.099498987197876,0.142031232815109,0.066295769946652,0.156741826606044,4.25756545677966,3.69115754459167,6.12902182198876,36.6348790872663,4.56404184059177,0.024255006469069,0.048770118862462,0.00087602309038,-0.034233154107041,0.0,0.0,0.0,0.0,0,7.1651782321396,0,0.1616996409687961,0.3207432837914788,0.2595848405447328,0.0
334,0.09563684463501,0.272015238433244,0.100004176387133,0.289815674584318,3.7865686290689,3.12204865156342,5.38899121959572,32.2115090248068,-4.42337006245943,0.01213875990589,-0.126690153877617,0.009852805958165,0.093863227107135,0.0,0.0,0.0,0.0,0,6.03153215475973,0,0.1900303479843835,0.2495409214490028,0.2747002575645254,0.0
335,0.096857786178589,0.070947339554814,0.063654390162363,0.095317398080562,4.51164712959335,3.73119963329848,6.42809545453274,38.4225259067196,6.21101688191275,0.021241262916504,0.093978020453927,0.004338900011576,-0.056927854374273,0.0,0.0,0.0,0.0,0,4.88138810317316,0,0.1675271599286394,0.1597814335818768,0.1850088278225437,0.0
336,0.100378751754761,0.284719741488891,0.078960603595372,0.295465917008454,4.62022597912107,3.6417862383025,6.45678115777986,38.5939883848301,0.171462478110513,0.019181160968895,-0.020523287165812,0.00048318315036,-0.038411683686169,0.0,0.0,0.0,0.0,0,3.65274873544877,0,0.2032691136591393,0.0753132947355769,0.2402373724154988,0.0
337,0.121058940887451,0.153214489751874,0.041120539368002,0.158636624484519,3.32626831230301,3.35871882822617,5.17847810380138,30.9532132041359,-7.64077518069418,0.019418806413839,0.001963055708249,0.0046002145804,0.034008487104377,0.0,0.0,0.0,0.0,0,2.60037582363251,0,0.1917466425984241,0.0700070958919043,0.1994369984500089,0.0
338,0.083396196365357,0.056680489160011,0.101215899425096,0.116005759115008,4.02807571791161,3.31333851488337,5.79968431889101,34.6663366419445,3.7131234378086,0.030677615197887,0.135003864381575,0.008394822860952,0.045500975415324,0.0,0.0,0.0,0.0,0,1.81352388242168,0,0.1686008852503211,0.0769911217875932,0.1577213787825084,0.0
339,0.099348306655884,0.133420962466466,0.013774115133154,0.134130084146621,4.0317553563035,3.36289271374928,5.80730309028735,34.7118761712536,0.045539529309103,0.023692751301128,-0.070306823859138,0.002219858325629,-0.062154703418466,0.0,0.0,0.0,0.0,0,1.24256925494778,0,0.159004213381487,0.0597451095367974,0.1459257314645647,0.0
340,0.102107524871826,0.220238968953465,0.096482842674578,0.240445716069663,3.08572064452439,4.0697978078746,5.69782587779919,34.0575002269674,-0.654375944286244,0.020532284641672,-0.030952338365106,0.005441677829811,0.031553203431646,0.0,0.0,0.0,0.0,0,0.828379503298523,0,0.1701767471155378,0.0663108000392404,0.1931857237671138,0.0
341,0.115581035614014,0.278169005557926,0.019275707461019,0.278836060349461,3.6379457443377,3.57641639898812,5.51344341029526,32.9553946057107,-1.10210562125663,0.018095827042383,-0.021080081056073,0.002094396943342,-0.028960468027367,0.0,0.0,0.0,0.0,0,0.581093002199015,0,0.1710558567047781,0.0543738208123697,0.2360108920582874,0.0
342,0.088368892669678,0.634638582976232,0.010862421355616,0.634731536320504,3.73230106919051,4.43318460257193,6.29394179496232,37.6206519307053,4.66525732499455,0.025241709102082,0.080864225451028,0.002619126202149,0.005937940863074,0.0,0.0,0.0,0.0,0,0.425115334799344,0,0.2515831771935521,0.0483221972098926,0.4353712141893957,0.0
343,0.112985372543335,0.305496660928016,0.037907544314873,0.307839555213671,3.38867634059427,3.577343565161,5.5381157695133,33.1028682031302,-4.51778372757512,0.023316899831708,-0.017035915597269,0.002836103954629,0.001920405691418,0.0,0.0,0.0,0.0,0,0.312913556532896,0,0.2545513085419985,0.035660526187848,0.3716053847015333,0.0
344,0.08907675743103,0.149239324279614,0.269722433898241,0.308257306903545,4.03632883497485,4.0726634000249,6.35967772058021,38.0135739591538,4.91070575602361,0.028667843403233,0.060071153529229,0.0016086722089,-0.013779483909467,0.0,0.0,0.0,0.0,0,0.246029037688597,0,0.2539834277602471,0.0868501899408654,0.3399313458025392,0.0
