c,time,vx,vy,V_net,ent,delta_entropy,div,delta_div,curl,delta_curl,theta,delta_theta,area,delta_area
361,0.077867746,0.007910712,2.625001535,2.625013455,72.44931941,36.14405748,0.052940086,0.60079627,0.019584753,0.172551137,0,0,0.034778646,0.446637375
362,0.080156803,0.170062921,0.286812417,0.333440788,76.91578564,4.46646623,0.04992787,-0.037579032,0.025201316,0.0700697,0,0,0.030611979,-0.051981448
363,0.079975843,0.294118905,0.249428828,0.385643191,79.87680085,2.961015213,0.04468605,-0.065542548,0.019065706,-0.076718296,0,0,0.03359375,0.037283393
364,0.082483768,0.112168982,0.633136547,0.642995931,72.54083402,-7.335966834,0.045526029,0.010183572,0.024876297,0.070445275,0,0,0.036757813,0.03835982
365,0.078906775,0.206971059,0.40186611,0.45203251,79.23037857,6.689544549,0.042655985,-0.0363726,0.021562857,-0.041991836,0,0,0.034440104,-0.029372742
366,0.079195261,0.286919436,0.117944342,0.310215458,73.43757174,-5.792806827,0.047525414,0.061486371,0.027858902,0.079500276,0,0,0.027994792,-0.081385078
367,0.081748009,0.410074112,0.199389665,0.455979184,75.16884408,1.731272336,0.04807916,0.006773817,0.019430651,-0.10310038,0,0,0.031067708,0.03759011
368,0.079637766,0.21224209,0.072808713,0.224383185,77.44470959,2.275865514,0.047197699,-0.011068375,0.020908853,0.018561563,0,0,0.031302083,0.002943013
369,0.079711914,0.145921442,0.08832462,0.17057053,72.64830543,-4.796404163,0.042815782,-0.054971926,0.025915082,0.062804024,0,0,0.034127604,0.035446656
370,0.083010912,0.03622063,0.228463418,0.231316812,79.07488703,6.4265816,0.046888881,0.049067028,0.018904848,-0.08444955,0.109484688,1.318919233,0.038632813,0.054272483
371,0.079414368,0.003954287,0.289200926,0.289227959,77.38015997,-1.694727053,0.054529137,0.096207483,0.022585733,0.046350376,0,-1.378650885,0.036575521,-0.025905787
372,0.079427242,0.311215666,0.044133968,0.314329442,72.26019707,-5.119962903,0.053912614,-0.007762109,0.014596873,-0.100580863,0,0,0.032747396,-0.048196625
373,0.085107088,0.193618571,0.306613878,0.362629592,75.5772438,3.317046733,0.049441956,-0.052529796,0.019441823,0.056927693,0,0,0.038554688,0.068235112
374,0.084564209,0.244271059,0.297982185,0.385307323,75.61358123,0.036337428,0.045358404,-0.048289367,0.020380868,0.011104525,0,0,0.036067708,-0.029409359
375,0.080596924,0.243998544,0.045880048,0.248274583,73.63988302,-1.973698212,0.057570876,0.151525291,0.020563182,0.002262037,0,0,0.031848958,-0.052343809
376,0.078604698,0.085612888,0.020812418,0.088106318,74.40225803,0.762375011,0.047757494,-0.12484473,0.02857532,0.101929503,0,0,0.027994792,-0.049032269
377,0.079292059,0.124159871,0.069046017,0.142066978,73.93841733,-0.463840698,0.048009073,0.003172812,0.021165385,-0.093451159,0,0,0.0315625,0.044994523
378,0.077776432,0.279242051,0.052729403,0.284176905,71.70300686,-2.235410471,0.043948802,-0.052204388,0.025478777,0.055458865,0,0,0.030494792,-0.013727916
379,0.080217361,0.069947524,0.065267601,0.095668782,76.34363163,4.640624764,0.051463143,0.093674756,0.021786874,-0.046023746,0,0,0.035260417,0.059408897
380,0.080407858,0.175169248,0.020507032,0.17636554,76.82858039,0.484948767,0.052482772,0.012680703,0.022246926,0.005721483,0,0,0.031770833,-0.043398536
381,0.081818819,0.023057034,0.206310431,0.207594847,78.1255845,1.297004105,0.049471026,-0.03680994,0.017203518,-0.061641173,0,0,0.030377604,-0.017028224
382,0.080754757,0.329135507,0.39264974,0.512351442,69.77883059,-8.346753905,0.052705015,0.040047048,0.02052774,0.041164409,0,0,0.0346875,0.053370179
383,0.081299543,0.335091172,0.073668183,0.34309342,77.86356747,8.08473688,0.04500191,-0.094749676,0.020192709,-0.00412094,0,0,0.0315625,-0.0384381
384,0.080661774,0.191832022,0.096383267,0.214684091,71.53834798,-6.325219495,0.048911372,0.048467347,0.025486014,0.065623458,0,0,0.028919271,-0.032769291
385,0.078286886,0.144353186,0.259465709,0.296917997,78.18137406,6.643026076,0.054871087,0.076126603,0.016132534,-0.119476973,0,0,0.030768229,0.023617727
386,0.079140663,0.117787689,0.137781369,0.181266779,72.40246899,-5.778905069,0.043852285,-0.139230602,0.016118474,-0.000177652,0,0,0.030533854,-0.002961499
387,0.077763796,0.113172935,0.178575088,0.211417065,75.16641245,2.763943462,0.045303348,0.018659886,0.020428026,0.055418479,0,0,0.031809896,0.0164092
388,0.080798864,0.339293556,0.159429722,0.374883919,75.3443871,0.177974656,0.044713125,-0.007304849,0.021883395,0.018012247,0,0,0.030507813,-0.016115119
389,0.07994175,0.334804495,0.060010415,0.340140118,74.40554164,-0.938845469,0.045554612,0.010526248,0.026337215,0.055713324,0,0,0.039388021,0.111083487
390,0.078959227,0.118443208,0.090225926,0.148894296,74.9101426,0.504600969,0.057965378,0.157179438,0.014933234,-0.144428734,0,0,0.032864583,-0.082617799
391,0.078999281,0.285902041,0.138289369,0.317590817,75.89935989,0.989217285,0.044659392,-0.168431739,0.025360071,0.131986474,0,0,0.03625,0.042853766
392,0.078298807,0.322202616,0.010370278,0.32236946,73.45300844,-2.446351446,0.050486031,0.074415427,0.025810686,0.005755069,0,0,0.034869792,-0.01762745
393,0.079161167,0.478781837,0.052990788,0.481705377,81.23219883,7.779190385,0.038153869,-0.155785499,0.02090263,-0.062000797,0,0,0.027916667,-0.087835049
394,0.079542398,0.14193258,0.106989997,0.177740588,77.59930726,-3.632891572,0.050192552,0.15134926,0.026295219,0.067795145,0,0,0.033125,0.065478706
395,0.078148603,0.404466824,0.237637915,0.469111064,78.48683091,0.887523656,0.049768422,-0.005427227,0.020137431,-0.078795873,0,0,0.032096354,-0.01316269
396,0.078882933,0.277508909,0.115097397,0.3004307,77.95992248,-0.526908436,0.042689897,-0.08973456,0.023822401,0.04671441,0,0,0.035,0.036809557
397,0.079566717,0.002470579,0.042655375,0.042726863,74.70441716,-3.255505314,0.04931248,0.083233081,0.029042103,0.06560157,0,0,0.036315104,0.01652832
398,0.079109669,0.150849037,0.120769721,0.193237568,73.53346606,-1.1709511,0.046452714,-0.036149391,0.02538863,-0.046182373,0,0,0.033684896,-0.033247622
399,0.080345869,0.098051216,0.141834732,0.17242718,77.98409729,4.450631231,0.046354166,-0.001226546,0.01393851,-0.142510375,0,0,0.033177083,-0.006320331
400,0.077965498,0.293865392,0.028013302,0.295197584,72.50620827,-5.477889022,0.041541143,-0.06173272,0.020017902,0.077975407,0,0,0.033059896,-0.001503069
401,0.080183268,0.098614112,0.07816403,0.125834648,76.48163935,3.975431077,0.047305523,0.071890061,0.023000069,0.03719189,0,0,0.035052083,0.024845427
402,0.077762842,0.418169228,0.230996909,0.477729082,77.11230936,0.630670008,0.058199894,0.140097376,0.026662917,0.047102808,0,0,0.038085938,0.039014188
403,0.078325748,0.383007035,0.182190361,0.424131721,76.39857186,-0.713737496,0.055427824,-0.035391551,0.02285868,-0.048569434,0,0,0.03234375,-0.07331162
404,0.077663422,0.272700372,0.026242672,0.273960163,77.07313003,0.674558172,0.045097612,-0.133012581,0.01876038,-0.052770016,0,0,0.030729167,-0.020789495
405,0.079361439,0.126117744,0.137421652,0.186521837,75.95046905,-1.122660977,0.036303806,-0.11080703,0.023288484,0.057056722,0,0,0.033502604,0.034946916
406,0.08126545,0.140980284,0.255331285,0.291666771,75.30556862,-0.644900431,0.050439283,0.173942023,0.02484113,0.019105856,0,0,0.031171875,-0.028680444
407,0.079670191,0.041642821,0.0487051,0.064080506,73.56280377,-1.742764854,0.047072699,-0.042256509,0.025504079,0.008321171,0,0,0.033671875,0.031379365
408,0.079906702,0.323401776,0.208712753,0.384902223,75.60703928,2.044235509,0.041993635,-0.063562422,0.018504845,-0.087592575,0,0,0.038007813,0.054262501
409,0.08654952,0.019004107,0.024093701,0.03068652,78.57788345,2.970844176,0.044514734,0.029128975,0.017508109,-0.011516369,0,0,0.031197917,-0.078682075
410,0.091001987,0.070444128,0.006308616,0.070726047,75.2292914,-3.348592052,0.041476561,-0.033385786,0.019594217,0.022923771,0,0,0.037369792,0.067821321
411,0.080242872,0.085612725,0.3812629,0.390756877,74.88747296,-0.34181844,0.047807018,0.078891201,0.019946544,0.004390754,0,0,0.034270833,-0.038619733
412,0.081938982,0.074612779,0.02717969,0.079409082,73.22656741,-1.660905548,0.047624977,-0.002221664,0.022859756,0.035553432,0,0,0.031510417,-0.033688686
413,0.078447819,0.027124129,0.237591405,0.239134678,76.34871687,3.12214946,0.045774437,-0.023589444,0.016258292,-0.084151019,0,0,0.03265625,0.014606312
414,0.080129385,0.017299502,0.051371574,0.054206193,77.4237287,1.075011825,0.058762986,0.16209471,0.016519042,0.003254104,0,0,0.039505208,0.085473741
415,0.078025103,0.0143637,0.360985658,0.361271312,75.32409971,-2.099628986,0.048347721,-0.13348608,0.020638856,0.052801142,0,0,0.028815104,-0.137008524
416,0.079241753,0.323994682,0.000288602,0.323994811,78.89484795,3.570748241,0.052181684,0.048383118,0.024225279,0.045259253,0,0,0.036132813,0.092346624
417,0.082994223,0.269668654,0.252700613,0.369565668,75.9443129,-2.950535052,0.050122606,-0.024809899,0.020649406,-0.043085805,0,0,0.026757813,-0.11295967
418,0.07939291,0.04270078,0.051367212,0.066797808,74.8071029,-1.137210005,0.049109835,-0.012756441,0.01825396,-0.030172036,0,0,0.032057292,0.066750031
419,0.078510046,0.216515611,0.06553858,0.226217407,72.82249791,-1.984604987,0.047663983,-0.018416139,0.026269126,0.102090964,0,0,0.032070313,0.000165849
420,0.08134222,0.042965764,0.098139786,0.107132976,72.98108537,0.158587459,0.044217143,-0.042374547,0.019305238,-0.08561222,0,0,0.027695313,-0.053785107
421,0.080632448,0.427734257,0.24206159,0.49147778,77.05928135,4.078195978,0.057058288,0.159255299,0.015696887,-0.044750608,0,0,0.036549479,0.109808977
422,0.084235668,0.297496969,0.185750216,0.350724378,79.19270085,2.133419502,0.048663559,-0.099657647,0.025534198,0.116783199,0,0,0.033658854,-0.034315927
423,0.087997675,0.164385944,0.135129493,0.212797365,74.3249367,-4.86776415,0.035520635,-0.149355354,0.019405333,-0.069648038,0,0,0.036080729,0.027522034
424,0.085264921,0.229889197,4.909733812,4.915112933,147.454366,73.12942932,0.105511028,0.820858,0.044533265,0.294704227,0,0,0.086067708,0.586254916
425,0.082977772,0.091591966,0.39771171,0.408122154,146.3977268,-1.05663926,0.114104892,0.103568271,0.048072436,0.042652027,0.45970884,5.540144434,0.084596354,-0.017731907
426,0.083401203,0.03647115,0.063411836,0.073151935,142.4998408,-3.897885973,0.104119685,-0.11972498,0.048981843,0.010904008,0,-5.512016889,0.084127604,-0.005620423
427,0.082956553,0.289979117,0.273154353,0.398373178,145.332521,2.832680175,0.111250081,0.085953379,0.040424103,-0.103159303,0.246611363,2.972777382,0.090182292,0.072986248
428,0.081305027,0.120377034,0.45552876,0.471165663,146.8712646,1.538743619,0.10025585,-0.135222037,0.042619881,0.027006668,0,-3.033162549,0.090833333,0.008007397
429,0.08003068,0.094053177,0.158702171,0.184478668,144.954839,-1.916425565,0.117665344,0.217535259,0.041070549,-0.019359225,0,0,0.0825,-0.104126734
430,0.082342625,0.412485802,0.369323818,0.553664718,141.7258885,-3.22895053,0.112769669,-0.05945493,0.03952756,-0.018738641,0.294770819,3.579808391,0.083710938,0.014706083
431,0.083058119,0.382586505,0.316286743,0.496396754,146.5435675,4.81767901,0.109559511,-0.038649536,0.038036574,-0.017951114,0.379442648,1.019428695,0.081875,-0.022104251
432,0.083128214,0.091311826,0.134668076,0.1627063,140.5634128,-5.980154694,0.111996711,0.029318566,0.050510155,0.150052314,0,-4.56454711,0.087317708,0.065473659
433,0.079258919,0.19644614,0.2114954,0.288654448,145.1704358,4.607022971,0.107949534,-0.051062741,0.048277503,-0.028169101,0,0,0.089166667,0.023328079
434,0.079491138,0.07499399,0.294127108,0.303537237,140.7405813,-4.429854444,0.10684278,-0.013922987,0.047279558,-0.012554156,0,0,0.085013021,-0.052252942
435,0.082475662,0.322806349,0.420625328,0.530216565,146.0730855,5.332504142,0.103390287,-0.041860749,0.042128519,-0.062455264,0,0,0.09265625,0.092672541
436,0.087020397,0.07083226,0.289158245,0.297707406,143.1769339,-2.896151579,0.110654032,0.083471758,0.042194665,0.00076012,0.242004342,2.781007097,0.080143229,-0.143794113
437,0.081611633,0.205664732,0.161871675,0.261725852,143.7212995,0.544365645,0.113164562,0.030761908,0.044615952,0.029668407,0,-2.965316737,0.078398438,-0.021379203
438,0.080256939,0.099852974,0.08053449,0.128282581,141.3122794,-2.409020101,0.108205635,-0.06178814,0.050465914,0.072890418,0.287364675,3.580558623,0.090403646,0.149584678
439,0.080365658,0.266236646,0.36818648,0.454360249,146.2870352,4.974755743,0.108564059,0.004459912,0.041031707,-0.117391032,0.350371208,0.78399823,0.086510417,-0.048443941
440,0.083261967,0.309585817,0.149051274,0.343598109,145.27632,-1.010715204,0.102555222,-0.072167842,0.040601519,-0.005166681,0,-4.208058278,0.086393229,-0.001407455
441,0.090750933,0.437937469,0.00376942,0.437953691,147.8566926,2.580372611,0.116454156,0.153154721,0.044416351,0.042036285,0,0,0.075169271,-0.123678711
442,0.101981878,0.511637723,0.313949117,0.60028094,141.5535156,-6.303176928,0.109487933,-0.068308437,0.046305949,0.018528771,0.335674501,3.291511262,0.079622396,0.043665846
443,0.101834774,0.057552704,0.400691525,0.404803671,145.7095642,4.156048544,0.108798554,-0.00676959,0.039098312,-0.070777761,0,-3.296265977,0.090221354,0.104079951
444,0.090138674,0.230028983,0.027521049,0.231669465,146.3951158,0.685551559,0.105732541,-0.034014401,0.054771042,0.173873535,0.319667216,3.546393599,0.080351563,-0.109495639
445,0.07967639,0.288199974,0.134351086,0.317977104,145.2038152,-1.191300511,0.107762499,0.025477544,0.044056389,-0.134477142,0,-4.012069534,0.091627604,0.141523
446,0.082025528,0.237294356,0.217328922,0.321777052,143.7571043,-1.446710983,0.115285438,0.091714597,0.045743025,0.020562334,0,0,0.09171875,0.001111189
447,0.077298403,0.041439279,0.319052739,0.321732598,145.1242336,1.367129321,0.110458787,-0.06244179,0.050492116,0.061438405,0.305966731,3.958254239,0.083606771,-0.104943684
448,0.078063726,0.121028126,0.159020226,0.199838033,144.2173032,-0.906930422,0.115242568,0.06128046,0.047126741,-0.043110612,0,-3.919448181,0.087747396,0.053041601
449,0.077199936,0.492108448,0.160990295,0.51777273,145.8612299,1.643926788,0.103527056,-0.151755462,0.051890377,0.061705188,0.25286028,3.275394944,0.088046875,0.003879267
450,0.078602314,0.526414617,0.258515586,0.586466245,145.7008238,-0.160406148,0.109475971,0.075683714,0.043860323,-0.102160535,0.288631217,0.455087581,0.085963542,-0.026504733
451,0.077267408,0.198980885,0.165005938,0.258496329,148.439914,2.739090202,0.111094562,0.020947909,0.041028802,-0.036645734,0,-3.735484634,0.094427083,0.109535726
452,0.079173803,0.174491269,0.185545866,0.254704674,144.3426797,-4.097234259,0.108889955,-0.027845148,0.044938038,0.049375372,0.288517441,3.644102328,0.084101563,-0.130415875
453,0.080009222,0.264839067,0.161045574,0.309960334,145.2997041,0.957024395,0.122130106,0.165482807,0.034757541,-0.127241539,0.219024293,-0.868564224,0.074153646,-0.124334626
454,0.078454018,0.309086974,0.198707317,0.3674498,143.2270849,-2.07261928,0.115135782,-0.089151885,0.043204052,0.107661931,0.307201957,1.123940703,0.082799479,0.110202557
455,0.079816103,0.181366209,0.14327385,0.231130045,146.2511517,3.024066837,0.123379842,0.103288177,0.042805266,-0.004996314,0.370957603,0.798781749,0.08140625,-0.01745549
456,0.076668262,0.266347631,0.07656583,0.27713424,146.4553019,0.204150235,0.109763528,-0.177600397,0.050450087,0.099712985,0,-4.838476722,0.092682292,0.147075743
457,0.078034639,0.724105571,0.21062166,0.754115615,143.3288242,-3.126477769,0.111847866,0.026710411,0.044111161,-0.081232211,0.445523468,5.709303867,0.077916667,-0.189218854
458,0.080049276,0.528033004,0.132837556,0.544485693,142.2611553,-1.067668885,0.107487387,-0.054472427,0.050411198,0.078701985,0,-5.565615188,0.078997396,0.013500799
459,0.079900503,0.484590625,0.132094779,0.502271943,146.3058602,4.044704962,0.110948844,0.043322093,0.044652556,-0.07207266,0,0,0.090026042,0.138029742
460,0.079556227,0.272622839,0.04665971,0.27658695,147.5427389,1.23687862,0.11033448,-0.007722387,0.04662157,0.024749964,0,0,0.088789063,-0.01554849
461,0.079417706,0.011133463,0.205068821,0.205370824,145.3385311,-2.204207736,0.116821245,0.08167907,0.045596414,-0.012908414,0,0,0.088151042,-0.008033735
462,0.082326174,0.158447409,0.134674025,0.207948731,146.1860357,0.8475046,0.11342622,-0.041238699,0.042484645,-0.037798041,0,0,0.0828125,-0.064846226
463,0.08485961,0.200286609,0.137138981,0.242738184,140.9001385,-5.28589723,0.100614102,-0.150980168,0.043780731,0.015273291,0,0,0.086106771,0.038820245
464,0.101305962,0.022577241,0.045140662,0.050471885,144.4128714,3.51273289,0.119791682,0.189303563,0.042566917,-0.01198166,0,0,0.083307292,-0.027633903
465,0.10155201,0.498676401,0.12853212,0.514974425,145.8956335,1.482762082,0.121827178,0.020043881,0.038227816,-0.042727873,0,0,0.088502604,0.05115913
466,0.088355541,0.596763273,0.094406505,0.604184568,145.807514,-0.088119502,0.113969197,-0.088935923,0.045312357,0.080182189,0,0,0.08328125,-0.059094813
467,0.080491781,0.012692824,0.162405961,0.162901209,143.9747042,-1.832809794,0.113082664,-0.011013948,0.049981046,0.058002063,0,0,0.077903646,-0.066809357
468,0.078751564,0.52353869,0.057944192,0.526735502,149.7807341,5.806029891,0.11103528,-0.025998018,0.050738961,0.009624131,0.240863327,3.058521189,0.083007813,0.064813528
469,0.077975512,0.871556821,0.112572307,0.878796801,141.9303308,-7.850403255,0.107754255,-0.042077627,0.048979876,-0.022559465,0,-3.088961168,0.081692708,-0.016865605
470,0.07763958,0.658001376,0.104941984,0.666317215,146.3580093,4.427678496,0.112401056,0.059850925,0.048281206,-0.008998884,0.275775252,3.551993109,0.08671875,0.06473556
471,0.079327345,0.356182295,0.053143855,0.360125113,143.3709294,-2.987079936,0.11113416,-0.015970484,0.046807469,-0.018577913,0,-3.476421059,0.090598958,0.048913881
472,0.087864399,0.051028185,0.284150855,0.288696353,146.2140231,2.843093737,0.108945314,-0.02491164,0.048010682,0.013693975,0,0,0.087044271,-0.040456516
473,0.081047297,0.139460655,0.062566518,0.152852358,143.5533794,-2.660643658,0.113721703,0.058933359,0.044843712,-0.039075581,0,0,0.086197917,-0.010442719
474,0.080994606,0.339404503,0.182689288,0.38544882,141.2072435,-2.346135966,0.118416698,0.057966767,0.042749366,-0.02585785,0,0,0.072083333,-0.17426572
475,0.081138611,0.150635778,0.049259152,0.158485336,144.0462176,2.838974086,0.119338947,0.011366331,0.038003106,-0.058495704,0.314170966,3.872027908,0.089947917,0.22017364
476,0.079613447,0.082688965,0.192794593,0.209778979,141.9720134,-2.074204181,0.119631672,0.003676837,0.043314069,0.066709378,0.156708819,-1.977833547,0.08203125,-0.099438813
477,0.081814289,0.091634312,0.43988249,0.449325552,144.8910897,2.919076285,0.110605957,-0.110319548,0.039559093,-0.045896336,0.330773138,2.127554016,0.090182292,0.099628583
478,0.078688622,0.180962341,0.279023731,0.332568206,144.0620642,-0.829025468,0.115013874,0.056017216,0.042575326,0.03833125,0.259381857,-0.907263083,0.082291667,-0.100276569
479,0.079484463,0.062826343,0.03335121,0.071129829,143.4235082,-0.638555965,0.108112263,-0.086829688,0.048986398,0.080658174,0,-3.263302638,0.080559896,-0.021787539
480,0.081710339,0.427167796,0.174816767,0.461555228,142.3589224,-1.064585838,0.115175557,0.086443081,0.045033259,-0.048379914,0.492424825,6.02646903,0.082395833,0.022468852
481,0.078556538,0.018947042,0.124848769,0.126278286,148.9143067,6.555384314,0.112849722,-0.029607143,0.041450193,-0.045611298,0.249065076,-3.097893016,0.087304688,0.062488169
482,0.081681967,0.250701334,0.056473055,0.2569832,143.0143233,-5.899983384,0.108609924,-0.051906168,0.043632677,0.026719287,0.271466077,0.274246592,0.088554688,0.015303255
483,0.087348938,0.341715811,0.049048106,0.34521792,147.9198493,4.905525996,0.116240383,0.087356052,0.037513492,-0.070054489,0.198084824,-0.84009325,0.085221354,-0.03816112
484,0.082365751,0.186109098,0.160357022,0.245664346,141.7344328,-6.185416508,0.115315842,-0.011224817,0.049769991,0.148805777,0,-2.404941623,0.090651042,0.065921665
485,0.080710173,0.090724951,0.120130232,0.150539993,147.9845222,6.250089423,0.118578275,0.040421577,0.047741401,-0.025134264,0,0,0.081875,-0.108735261
486,0.09044838,0.187675523,0.088765437,0.207608778,146.669799,-1.314723205,0.118510574,-0.000748496,0.040628653,-0.078638752,0,0,0.077890625,-0.04405137
487,0.086272001,0.111335182,0.191320311,0.221357142,144.0516325,-2.618166566,0.111399309,-0.082428423,0.04204187,0.016380946,0,0,0.085950521,0.093424236
488,0.082103252,0.22842648,0.174425498,0.287407222,140.9986492,-3.052983302,0.110422158,-0.011901493,0.051866254,0.119658895,0,0,0.083867188,-0.025374553
489,0.078463316,0.68201161,1.096358632,1.291178564,177.0981324,36.0994832,0.162014802,0.657538404,0.052302599,0.005561132,0.262827842,3.349690733,0.115390625,0.4017602
490,0.079580307,0.149360529,0.096001102,0.177552187,177.6654045,0.567272176,0.164347351,0.029310638,0.045471152,-0.085843442,0.22731977,-0.446191702,0.123697917,0.104388786
491,0.081345797,0.153097577,0.14621804,0.211703999,175.4310147,-2.234389792,0.167119462,0.034078107,0.05275466,0.089537614,0.181058604,-0.568697685,0.123020833,-0.00832352
492,0.07879281,0.41972098,0.01057086,0.419854075,175.7827358,0.351721012,0.168674813,0.019739755,0.050711154,-0.025935187,0,-2.297907671,0.115625,-0.093864317
493,0.07819581,0.448028006,0.011183557,0.448167565,174.8928746,-0.889861137,0.170191034,0.019390052,0.044068869,-0.084944261,0,0,0.118020833,0.030638896
494,0.077621222,0.59030577,0.344860091,0.683658822,176.4140458,1.521171151,0.165329991,-0.062625171,0.055463462,0.146797402,0.244660598,3.151980777,0.121979167,0.050995504
495,0.078917265,0.307462819,0.161094799,0.347109377,174.3575062,-2.056539602,0.164260994,-0.0135458,0.047915539,-0.095643503,0.30859001,0.810081445,0.119440104,-0.032173727
496,0.078984737,0.364623893,0.283103382,0.461625506,175.1792175,0.821711302,0.171062311,0.086109257,0.050099796,0.027654171,0.270248767,-0.485425972,0.122057292,0.033135357
497,0.076604128,0.453985751,0.564058897,0.724061808,179.4270892,4.247871735,0.16554771,-0.071988306,0.054728749,0.060426933,0.443915241,2.267064172,0.119348958,-0.035354927
498,0.08027339,0.088952599,0.125318806,0.153679432,178.2099536,-1.217135591,0.164910244,-0.007941185,0.039124448,-0.19438946,0.289655854,-1.921675258,0.124010417,0.058069783
499,0.078418732,0.062508437,0.119804423,0.135131064,173.102414,-5.107539647,0.164255585,-0.008348245,0.056180027,0.217493691,0,-3.693707457,0.124179688,0.002158551
500,0.079413891,0.02275978,0.421391476,0.422005668,173.8270544,0.724640442,0.167932397,0.046299351,0.050830699,-0.067360107,0.271921426,3.424104054,0.116484375,-0.096901341
501,0.0782547,0.184695048,0.426367057,0.46465162,180.8072553,6.980200858,0.175321503,0.094423807,0.046571062,-0.054432985,0.291048059,0.244415145,0.118450521,0.025124955
502,0.081347466,0.011417418,0.02104115,0.023939245,177.9114012,-2.895854042,0.16847591,-0.084152502,0.046735403,0.002020237,0.24788922,-0.530549281,0.124114583,0.069628014
503,0.083717346,0.093916826,0.324836361,0.33814055,170.8350896,-7.076311615,0.163437916,-0.060178627,0.058436822,0.139772929,0,-2.961025776,0.120807292,-0.039505453
504,0.08185029,0.035272694,0.260886285,0.263259979,177.7296863,6.89459671,0.171156048,0.094295727,0.052065774,-0.077837817,0.183409136,2.240787855,0.119804688,-0.012249244
505,0.080219269,0.033751098,0.049886823,0.060231485,174.7972793,-2.932407047,0.163386337,-0.096855926,0.044470292,-0.094684004,0.321438528,1.720651335,0.115846354,-0.049343922
506,0.080940008,0.226842216,0.174852021,0.286409881,182.9215718,8.12429257,0.175151401,0.145355364,0.045068853,0.00739511,0.324596068,0.03901087,0.1178125,0.024291397
507,0.127489567,0.60605456,0.043363116,0.607603892,177.5635187,-5.35805318,0.163861195,-0.088557881,0.047771574,0.02119955,0,-2.546059859,0.125052083,0.056785692
508,0.093510151,0.179638564,0.176161255,0.251600479,177.6305323,0.067013589,0.169210179,0.057202175,0.050649949,0.030781413,0.224150918,2.397075784,0.124440104,-0.006544521
509,0.081578732,0.012198513,0.00402547,0.012845549,178.2784967,0.647964442,0.173573581,0.053487006,0.05190418,0.015374491,0.276079149,0.636541289,0.1221875,-0.02761264
510,0.08188653,0.059011047,0.223840954,0.231488825,175.4484382,-2.83005848,0.165436499,-0.099370222,0.042733844,-0.11198833,0,-3.371484291,0.125091146,0.035459383
511,0.081032276,0.177101632,0.024615143,0.178804064,172.5218471,-2.926591083,0.170702861,0.064990917,0.046385531,0.04506459,0.269556108,3.326527659,0.118190104,-0.08516411
512,0.078975201,0.157979999,0.309294181,0.347304722,179.5288112,7.006964057,0.17087775,0.002214485,0.05027484,0.049247218,0.205459865,-0.81159962,0.120664063,0.031325762
513,0.079254627,0.052156949,0.103198382,0.115629812,175.3650855,-4.163725687,0.164156936,-0.084800268,0.052961149,0.033894666,0.249643105,0.557484669,0.125325521,0.058816229
514,0.079494476,0.389734101,0.038324255,0.391613863,179.0668607,3.701775203,0.175267583,0.139766275,0.044398487,-0.107713914,0,-3.140383034,0.118320313,-0.088121951
515,0.080131531,0.515080049,0.003708768,0.515093401,178.7952866,-0.271574109,0.175086349,-0.002261713,0.047574118,0.039630229,0.237139808,2.959381978,0.122174479,0.048098004
516,0.077973604,0.102973458,0.031394893,0.107653018,180.7449052,1.949618592,0.171256364,-0.049118995,0.04694308,-0.008092972,0,-3.041283143,0.125221354,0.039075724
517,0.078384638,0.243231203,0.04130308,0.246713118,173.1435277,-7.601377505,0.162802395,-0.107852362,0.050077395,0.039986344,0.169642805,2.164235368,0.124296875,-0.011794137
518,0.083454132,0.028941788,0.186658252,0.188888671,176.6522537,3.508726049,0.169050297,0.074866296,0.046983706,-0.037070539,0.184688212,0.180283544,0.123007813,-0.015446359
519,0.079681873,0.076545021,0.03535341,0.084314909,177.1201263,0.467872521,0.170507018,0.018281714,0.047976297,0.012456934,0.277490885,1.164664802,0.121536458,-0.018465356
520,0.080710649,0.2869107,0.128420011,0.314339703,174.4798905,-2.640235795,0.1674794,-0.037512009,0.04861028,0.007855008,0.353401087,0.940522745,0.117929688,-0.04468767
521,0.081203699,0.375372349,0.402462809,0.550345994,181.6631032,7.183212786,0.175050052,0.093230391,0.046204975,-0.02962064,0.622652241,3.315749854,0.124140625,0.076485894
522,0.077962637,0.325906888,0.160847231,0.363437934,178.7196806,-2.943422668,0.182037996,0.08963196,0.047260006,0.013532526,0,-7.986546697,0.116158854,-0.102379436
523,0.080701113,0.040879252,0.214463205,0.218324483,178.8406873,0.12100671,0.164916567,-0.212158524,0.049633055,0.029405401,0.265967328,3.295708309,0.122942708,0.08406147
524,0.079166412,0.247886764,0.248593083,0.351064622,177.2385955,-1.602091782,0.168019951,0.039200769,0.051875006,0.028319476,0.323678568,0.728986431,0.123203125,0.003289484
525,0.079738617,0.280686402,0.11796097,0.304466166,179.1003993,1.861803763,0.166657135,-0.017091045,0.048251561,-0.045441532,0.32120119,-0.031068736,0.123828125,0.007838109
526,0.080591202,0.321089976,0.368563781,0.488812882,172.2276071,-6.872792172,0.165502747,-0.014323998,0.050376609,0.026368231,0,-3.985561489,0.123828125,0
527,0.08298111,0.046472486,0.215521878,0.220475331,177.9714736,5.743866536,0.168341244,0.034206541,0.048228691,-0.025884413,0,0,0.118828125,-0.060254678
528,0.083322763,0.419232851,0.07445928,0.425793809,175.6667303,-2.304743321,0.165615267,-0.032715873,0.055047056,0.081830754,0.240256503,2.883443771,0.116861979,-0.023596743
529,0.081426382,0.164392411,0.151770434,0.223738976,178.7184504,3.051720116,0.16590763,0.003590517,0.041697939,-0.163940937,0.213253362,-0.331626446,0.121744792,0.059965976
530,0.079218864,0.139693776,0.025941996,0.142082153,176.2274245,-2.491025918,0.171202636,0.066840217,0.05067243,0.113287302,0.207446586,-0.073300409,0.123815104,0.026134085
531,0.078424454,0.028250638,0.11072985,0.114276849,177.0065261,0.779101554,0.167953271,-0.041433056,0.0499604,-0.009079185,0,-2.64517732,0.12296875,-0.010791968
532,0.080501795,0.449962585,0.250737596,0.515107435,176.2763244,-0.730201677,0.166545668,-0.017485357,0.055641428,0.070570202,0.294451212,3.657697476,0.122109375,-0.010675228
533,0.080536127,0.348959082,0.075076736,0.356943913,173.8270038,-2.449320554,0.165413939,-0.014052436,0.042650312,-0.161307921,0.217322562,-0.957690081,0.12453125,0.030071908
534,0.080643892,0.051810827,0.030377531,0.060059605,175.858297,2.031293166,0.164367435,-0.012976861,0.053172955,0.130482821,0.210617742,-0.083141067,0.123554688,-0.012109566
535,0.078353882,0.148537823,0.038067133,0.15333816,178.6809799,2.822682921,0.171812021,0.095012346,0.046298587,-0.087734873,0.276132813,0.836143271,0.119283854,-0.054506978
536,0.084542274,0.052035835,0.119836799,0.130646801,180.6833917,2.002411791,0.173087101,0.015082158,0.047475651,0.013922781,0.282712567,0.07782797,0.119023438,-0.003080313
537,0.086239815,0.084424597,0.166069123,0.186296716,179.052339,-1.631052718,0.171650612,-0.016656912,0.054909645,0.08620142,0,-3.278213988,0.119739583,0.008304121
538,0.081497431,0.185635388,0.209756428,0.28010401,178.8076193,-0.244719722,0.170747724,-0.011078731,0.037783699,-0.210140939,0.297212092,3.646889103,0.116289063,-0.042339014
539,0.078051329,0.030570019,0.224747451,0.226816981,169.7331244,-9.074494914,0.165435136,-0.068065304,0.054690767,0.216614745,0,-3.807905611,0.115091146,-0.015347806
540,0.07908392,0.083014276,0.188274877,0.20576394,180.8580416,11.12491729,0.173135928,0.097374939,0.049821985,-0.061564758,0,0,0.125898438,0.136655994
541,0.080455303,0.125197155,0.12527627,0.177111466,176.5080149,-4.350026722,0.167291621,-0.072640422,0.050675087,0.010603428,0.364690119,4.532828847,0.123138021,-0.034309941
542,0.078995943,0.028058341,0.194142716,0.196159794,176.8779958,0.369980918,0.17262596,0.067526749,0.051714053,0.013152148,0,-4.6165677,0.123294271,0.00197795
543,0.079308987,0.513199621,0.209618002,0.554358691,179.3137032,2.435707386,0.172655992,0.000378661,0.058158095,0.081252359,0.228535932,2.881589361,0.120677083,-0.032999886
544,0.077267647,0.34142387,0.046271656,0.344545099,179.1906666,-0.123036608,0.174412795,0.022736594,0.056335986,-0.02358179,0.268469289,0.516818593,0.12546875,0.062013881
545,0.07807374,0.073261396,0.238458613,0.249458899,175.8478408,-3.342825867,0.164048065,-0.132755641,0.045489523,-0.138925874,0.21598591,-0.67222832,0.123190104,-0.029185816
546,0.077881575,0.327021085,0.296012622,0.441096659,174.8857199,-0.962120837,0.165881682,0.023543656,0.045963581,0.006086906,0.193288928,-0.291429412,0.11984375,-0.042967212
547,0.079688072,0.352802878,0.054008943,0.356912926,181.8937529,7.008032995,0.176514797,0.133434212,0.048551047,0.032469927,0,-2.425569132,0.117330729,-0.031535721
548,0.081383705,0.387370602,0.086441393,0.396898095,175.4037151,-6.490037765,0.168738628,-0.095549458,0.042730064,-0.071525161,0,0,0.124856771,0.092476026
549,0.081246138,0.316110653,0.302379027,0.43744602,175.5845982,0.180883076,0.16664502,-0.025768714,0.054007582,0.13880681,0.348634667,4.2910922,0.126588542,0.021315116
550,0.083499432,0.255790126,0.38803708,0.464759469,178.0424779,2.457879692,0.173614822,0.083471247,0.056902377,0.034668449,0,-4.175293899,0.124075521,-0.030096263
551,0.078787088,0.009166636,0.113060893,0.113431886,180.5730536,2.530575678,0.172417805,-0.015193061,0.044746297,-0.154290262,0,0,0.129544271,0.069411754
552,0.081120729,0.171339553,1.439469455,1.449630834,198.4531159,17.88006228,0.201509591,0.358623331,0.048707229,0.048827617,0.121356536,1.495999067,0.165885417,0.447988401
553,0.078692913,0.067692831,0.24186541,0.251159702,199.2224417,0.769325821,0.210540421,0.114760401,0.050257922,0.019705625,0.269001482,1.876216561,0.161119792,-0.060559774
554,0.08798027,0.096512343,0.350917272,0.3639472,199.0367614,-0.185680325,0.211993338,0.016514121,0.05212725,0.021247132,1.173858145,10.28476792,0.163372396,0.025603515
555,0.090837955,0.149773165,0.201531588,0.251091581,201.0450213,2.008259902,0.215566582,0.039336468,0.048353489,-0.041543882,0.301582504,-9.60254595,0.167148438,0.041568986
556,0.085920334,0.215339394,0.301136588,0.370208454,203.6476724,2.602651126,0.223708873,0.094765591,0.044639892,-0.043221396,0.340300244,0.450623716,0.166080729,-0.012426725
557,0.077677011,0.001748306,0.306287345,0.306292334,202.8274365,-0.820235876,0.217165483,-0.084238441,0.059217922,0.187674956,0.298544442,-0.537556753,0.159479167,-0.084987339
558,0.081040621,0.038439465,0.081669563,0.090263559,200.595575,-2.231861481,0.214174633,-0.036905568,0.057105599,-0.026064987,0.307589719,0.111614119,0.152760417,-0.082905954
559,0.080542803,0.230246307,0.046881694,0.234970754,203.4995187,2.90394361,0.221507209,0.091039489,0.051318344,-0.071853158,0.312577157,0.061922821,0.159778646,0.087136639
560,0.079419374,0.38103073,0.148345906,0.408889869,203.2804576,-0.219061059,0.212974091,-0.107443774,0.050841781,-0.006000594,0.259996171,-0.662067495,0.159947917,0.002131354
561,0.083055735,0.292622821,0.26757096,0.396512716,203.0443724,-0.236085193,0.223583553,0.127739066,0.050509894,-0.003995952,0.373933382,1.371816309,0.165338542,0.064903706
562,0.083536386,0.051889214,0.373773357,0.377357938,201.5134386,-1.530933843,0.213248131,-0.123723593,0.053265243,0.032983818,0.291697722,-0.984429216,0.161796875,-0.042396695
563,0.081240892,0.076784566,0.006684394,0.077074968,203.3374241,1.823985554,0.217995189,0.058431878,0.055374608,0.025964328,0.284993093,-0.082527769,0.157018229,-0.058820696
564,0.080251455,0.187420006,0.015145006,0.188030928,197.4030719,-5.934352189,0.212913824,-0.06331804,0.047267819,-0.101017351,0.317021127,0.399095989,0.157096354,0.000973503
565,0.078489542,0.416154946,0.073996847,0.422682473,202.1766828,4.773610907,0.218186869,0.067181494,0.048536201,0.01615989,0.273846474,-0.550068856,0.161041667,0.050265454
566,0.077410936,0.035381303,0.197977678,0.201114389,201.9761163,-0.20056655,0.212321928,-0.075763729,0.057094156,0.110552267,0.278397346,0.058788489,0.160820313,-0.002859469
567,0.079196215,0.189119997,0.172355735,0.255876675,199.6312279,-2.344888331,0.208323505,-0.050487554,0.047209468,-0.124812635,0.328008593,0.626434568,0.160729167,-0.001150886
568,0.079747438,0.438141837,0.035948458,0.439614104,203.2289735,3.597745578,0.221127413,0.16055573,0.056415421,0.115438856,0.246115961,-1.026899843,0.159804688,-0.011592588
569,0.078868628,0.196386603,0.360696383,0.410694021,205.0291382,1.800164664,0.222055362,0.011765752,0.054472326,-0.024637106,0.306562319,0.76641829,0.165585938,0.073302277
570,0.07971096,0.097144008,0.343851946,0.357310955,207.1521016,2.122963451,0.220582616,-0.018476069,0.058849605,0.054914393,0.332098934,0.320365157,0.163020833,-0.032180069
571,0.07874918,0.308756269,0.089468039,0.321457562,205.8868865,-1.265215166,0.220168866,-0.005254034,0.057163651,-0.021409158,0.327825041,-0.05427222,0.167851563,0.061343231
572,0.080249786,0.085010341,0.124093516,0.150419277,205.4343894,-0.452497093,0.221533984,0.017010865,0.0511827,-0.074529188,0.267880498,-0.746974488,0.164973958,-0.035858091
573,0.080062628,0.081889312,0.104337276,0.132635314,203.3137145,-2.120674849,0.221208642,-0.004063589,0.045474744,-0.071293636,0.285067842,0.214673751,0.164309896,-0.008294288
574,0.079007387,0.003747902,0.153285696,0.153331508,206.4941063,3.180391719,0.222212725,0.012708717,0.054176067,0.110133026,0.30301485,0.227156073,0.155364583,-0.113221217
575,0.080506086,0.454098163,0.181393431,0.488987442,208.1833372,1.689230982,0.228308039,0.075712459,0.057406801,0.040130308,0.259393832,-0.541835041,0.161940104,0.081677313
576,0.079723358,0.000992958,0.106408125,0.106412758,204.7564937,-3.426843511,0.219918477,-0.105233418,0.051693781,-0.071660545,0.280021183,0.258736612,0.159934896,-0.025152081
577,0.080784798,0.451209329,0.034637012,0.452536829,208.781995,4.025501237,0.224720887,0.05944695,0.046480541,-0.064532444,0.251657601,-0.351100487,0.161822917,0.023370992
578,0.081156731,0.455821467,0.017112296,0.456142566,205.701802,-3.080192945,0.227267592,0.031380081,0.048251552,0.021822114,0.293490973,0.515463979,0.160442708,-0.017006702
579,0.085508108,0.495586661,0.017975324,0.495912543,209.1638824,3.462080392,0.22055127,-0.078546021,0.047062093,-0.013910491,0.296469029,0.034827769,0.168867188,0.098522577
580,0.083182812,0.156387863,0.293290318,0.332379865,207.162024,-2.00185844,0.228720126,0.098203657,0.047656655,0.007147661,0.363046469,0.800374958,0.160520833,-0.100337486
581,0.078124523,0.047337888,0.150616343,0.157880202,207.9042188,0.742194801,0.22800231,-0.009188112,0.048929083,0.016287171,0.270408083,-1.185778582,0.163658854,0.040166912
582,0.080022573,0.110352465,0.275199781,0.296500567,205.5956546,-2.308564138,0.220525384,-0.093435205,0.049320256,0.004888289,0.281209257,0.134976597,0.164908854,0.015620592
583,0.080401182,0.388479537,0.026297714,0.389368618,199.6815783,-5.914076304,0.217804472,-0.03384169,0.045963907,-0.041745023,0.330275997,0.610273857,0.164023438,-0.011012483
584,0.079774141,0.168071137,0.278430206,0.325224978,206.8552503,7.173671954,0.226201505,0.105260081,0.057721337,0.147383969,0.319012771,-0.141188928,0.166184896,0.027094724
585,0.081590414,0.247606467,0.076069886,0.259028164,205.9090894,-0.946160888,0.218879801,-0.089737303,0.057971331,0.003064015,0.29870498,-0.248899228,0.162460938,-0.045642106
586,0.081959486,0.256201427,0.121716201,0.283644152,204.6925444,-1.216544993,0.215410597,-0.042328275,0.047134265,-0.132224673,0.288600018,-0.123292159,0.162591146,0.001588691
587,0.081050873,0.014089777,0.275825573,0.276185207,205.3802968,0.68775236,0.22306562,0.094447131,0.045588419,-0.019072535,0.316504438,0.34428278,0.165143229,0.031487426
588,0.080781698,0.022409617,0.139651817,0.1414384,202.9768223,-2.403474418,0.215016205,-0.09964404,0.04501823,-0.007058389,0.284070893,-0.401496206,0.15578125,-0.115892329
589,0.081962824,0.163516285,0.161618731,0.22990909,204.7567989,1.779976549,0.217760259,0.033479254,0.058282889,0.161837499,0.289100276,0.061361767,0.160065104,0.05226582
590,0.082738161,0.080005085,0.123706954,0.147323536,203.4475514,-1.309247475,0.21751415,-0.002974558,0.047643074,-0.128596219,0.332936074,0.529813539,0.165299479,0.063264338
591,0.085111618,0.435267774,0.010952585,0.435405551,202.6389889,-0.808562551,0.212683338,-0.056758552,0.050288614,0.031083183,0.30473125,-0.331386305,0.163346354,-0.022947807
592,0.079344273,0.020123185,0.204237721,0.205226677,207.2771321,4.638143218,0.225362085,0.159794106,0.047664406,-0.033073692,0.278466083,-0.331027884,0.163867188,0.006564221
593,0.078383207,0.06417632,0.394313257,0.399501621,204.5823395,-2.694792621,0.219706144,-0.072157561,0.060683337,0.166093374,0.34400744,0.836165801,0.157695313,-0.078739761
594,0.081065893,0.139854141,0.245915848,0.28290243,209.6987988,5.116459323,0.230643855,0.134923712,0.045077304,-0.192510469,0.272159549,-0.886290012,0.162395833,0.057983952
595,0.079373598,0.000237506,0.043506395,0.043507043,208.0186962,-1.68010256,0.226664494,-0.05013457,0.049268638,0.052805137,0.32303399,0.640949164,0.159440104,-0.03723819
596,0.0791471,0.172253151,0.046548169,0.178431724,205.8878085,-2.130887682,0.221636666,-0.063525106,0.050466799,0.015138407,0.332490989,0.119486359,0.155286458,-0.052480076
597,0.079107046,0.091507644,0.016559896,0.092993973,209.6706539,3.782845402,0.225063453,0.043318351,0.050334533,-0.00167199,0.323202729,-0.11741381,0.162682292,0.093491461
598,0.078040361,0.209236462,0.073910613,0.221906908,204.7742373,-4.896416651,0.219686333,-0.068901779,0.049842049,-0.006310627,0.292078085,-0.398827532,0.165989583,0.042379246
599,0.081099033,0.322961263,0.075288291,0.331620723,206.6612775,1.887040193,0.226460452,0.083528976,0.048561215,-0.015793459,0.353722008,0.760106762,0.15890625,-0.087341773
600,0.077670097,0.049915772,0.302498936,0.306589612,208.7126226,2.051345068,0.219224707,-0.093159989,0.05494771,0.082225913,0.082723478,-3.489097344,0.16515625,0.080468549
601,0.078663588,0.034515429,0.355443202,0.357115086,206.7826602,-1.929962311,0.225327836,0.077585188,0.046545331,-0.106814078,0,-1.051610796,0.156445313,-0.110736591
602,0.077519178,0.012161533,0.17743102,0.177847322,208.9947821,2.212121897,0.233709437,0.10812293,0.044597718,-0.025124277,0.280668747,3.620636248,0.162565104,0.078945518
603,0.083564281,0.398963597,0.021148726,0.399523742,207.1193409,-1.875441284,0.223736948,-0.119339126,0.053870437,0.110965103,0.34598246,0.781598449,0.163111979,0.006544363
604,0.101322651,0.42121244,0.256376197,0.493101079,201.2047005,-5.914640407,0.210744902,-0.128224502,0.050188433,-0.036339392,0.312457976,-0.330868602,0.163242188,0.001285086
605,0.078814983,0.281330689,0.173611871,0.330587414,207.4268579,6.222157437,0.229088011,0.232736315,0.03591586,-0.181089591,0.276202793,-0.460003687,0.164466146,0.015529513
606,0.080096006,0.328302241,0.037166787,0.330399352,205.2475911,-2.179266781,0.225323815,-0.046996051,0.049638845,0.171331705,0.368290905,1.149721641,0.161080729,-0.042266985
607,0.079550028,0.028449243,0.046630522,0.05462385,208.6677694,3.420178315,0.228910935,0.04509264,0.053410848,0.047416738,0.325154983,-0.542248986,0.157591146,-0.043866526
608,0.120063305,0.296046494,0.15351111,0.333480415,202.7926214,-5.875148011,0.210735013,-0.15138616,0.051520556,-0.015744132,0.322157845,-0.024962984,0.165286458,0.064093792
609,0.092116594,0.302108088,0.164508087,0.343994488,206.7896296,3.997008228,0.231729098,0.227907744,0.043563031,-0.086385361,0.275694278,-0.504399532,0.15640625,-0.096401831
610,0.079979658,0.128758653,0.090551706,0.15741157,200.5029385,-6.286691096,0.211583185,-0.251887957,0.051763686,0.102534269,0.312558611,0.460921369,0.162382813,0.074726032
611,0.078880787,0.191916396,0.05627824,0.199997858,204.937601,4.434662434,0.221471186,0.125353721,0.060740389,0.113800881,0.320393102,0.099320647,0.161901042,-0.006107581
612,0.08423996,0.138360231,0.287425694,0.318993861,204.3330259,-0.604575088,0.220739318,-0.008687893,0.054266443,-0.076851248,0.373599048,0.631599849,0.164557292,0.031531948
613,0.080485344,0.318122696,0.25615475,0.408432743,208.5308158,4.19778986,0.231201987,0.129994716,0.045650308,-0.107052223,0.271599107,-1.267310741,0.166419271,0.023134388
614,0.082732916,0.384337466,1.023823553,1.093585824,254.077583,45.54676727,0.284309291,0.641912631,0.042606783,-0.036787355,0,-3.282842192,0.188151042,0.262673817
615,0.077469587,0.197642171,0.094106755,0.218902967,260.1144375,6.036854477,0.290154148,0.075447114,0.04084739,-0.022710763,0,0,0.193763021,0.072441062
616,0.112509251,0.333429268,0.093314457,0.346240761,253.9128818,-6.201555706,0.275442705,-0.130757627,0.045627517,0.042486528,0,0,0.188789063,-0.044209328
617,0.078817606,0.027796507,0.040379015,0.049021532,255.2144784,1.301596578,0.283330612,0.100077981,0.045903801,0.003505362,0,0,0.188476563,-0.00396485
618,0.079474449,0.313553939,0.062210694,0.31966583,256.6110498,1.396571463,0.285069958,0.021885599,0.041785243,-0.051822424,0,0,0.188997396,0.006553469
619,0.079805136,0.150928773,0.259877409,0.30052581,261.484865,4.873815171,0.283129609,-0.024313583,0.037256732,-0.056744601,0,0,0.185963542,-0.038015776
620,0.080257416,0.164009941,0.470090903,0.497880225,253.7880884,-7.696776578,0.280952764,-0.027123291,0.036711455,-0.006794104,0,0,0.191744792,0.072033842
621,0.079944134,0.056979061,0.259113271,0.265304166,256.0771557,2.289067298,0.283881892,0.036639695,0.041947454,0.065495727,0,0,0.194427083,0.033552076
622,0.082411766,0.268664935,0.07598646,0.279203849,253.943154,-2.13400174,0.280594877,-0.039885266,0.03983688,-0.02561011,0.331093286,4.01754873,0.194752604,0.003949932
623,0.077153206,0.024699069,0.504037881,0.504642676,260.9518912,7.008737202,0.289952764,0.121289674,0.04785182,0.103883438,0,-4.291374315,0.189166667,-0.072400588
624,0.106089592,0.102314441,0.449565734,0.461061378,258.1675151,-2.784376059,0.286078135,-0.036522241,0.043949478,-0.036783455,0,0,0.187994792,-0.011046088
625,0.089063644,0.158156606,0.176963886,0.237338848,258.1829889,0.015473732,0.282676002,-0.038198893,0.046588527,0.029631047,0.400214382,4.493577424,0.186875,-0.012572938
626,0.07704711,0.290654729,0.192348369,0.348537038,258.7746035,0.591614611,0.29847824,0.205098386,0.047559043,0.012596393,0,-5.194411366,0.188971354,0.027208732
627,0.077339411,0.304336895,0.171043147,0.349108441,258.3730504,-0.401553109,0.279283645,-0.248186462,0.04221254,-0.069130379,0,0,0.188255208,-0.009259779
628,0.078159809,0.286835802,0.203734175,0.351827218,255.5000701,-2.872980279,0.282242433,0.037855614,0.045606416,0.04342226,0,0,0.184283854,-0.050810694
629,0.081337929,0.266164217,0.361094281,0.448589422,257.846824,2.34675393,0.286581554,0.053346842,0.048781215,0.039032215,0,0,0.188815104,0.055708943
630,0.087131739,0.366788025,0.295516647,0.471023931,261.444846,3.598021961,0.29208241,0.063132628,0.041087135,-0.088303997,0,0,0.189140625,0.003735962
631,0.084909916,0.479545532,0.248368041,0.540046851,262.4410833,0.996237311,0.285006549,-0.083333741,0.034421748,-0.078499506,0,0,0.188554688,-0.006900696
632,0.080622435,0.097652345,0.296927041,0.312572629,262.5696094,0.128526119,0.291655463,0.082469768,0.042002119,0.094023101,0,0,0.183789063,-0.059110408
633,0.077312469,0.223537313,0.109802035,0.249049026,257.7753305,-4.794278919,0.286707665,-0.063997401,0.045559107,0.046007942,0,0,0.186640625,0.036883604
634,0.082427263,0.04791432,0.032619673,0.057963999,260.4956687,2.720338257,0.288416924,0.020736566,0.041573111,-0.048357733,0,0,0.188541667,0.023063263
635,0.076751947,0.011913785,0.009958283,0.015527578,257.5083062,-2.987362555,0.289941046,0.019857764,0.049727362,0.10624161,0,0,0.190052083,0.019679197
636,0.077509403,0.118309282,0.069032121,0.136976348,261.7655763,4.257270068,0.280446769,-0.122491937,0.043220205,-0.083953125,0,0,0.182421875,-0.098442357
637,0.079360008,0.124264516,0.096677722,0.157442852,265.4094941,3.643917892,0.293173714,0.160369757,0.042896505,-0.004078884,0,0,0.185364583,0.037080494
638,0.091840267,0.086836284,0.388454113,0.398041629,257.7572622,-7.652231959,0.288429896,-0.051652926,0.047097876,0.045746504,0.365663355,3.981514494,0.183984375,-0.015028357
639,0.079916,0.189222143,0.10429804,0.216062724,260.1764912,2.419229021,0.289716999,0.016105705,0.049903281,0.035104418,0,-4.575596292,0.185898438,0.02395093
640,0.078315973,0.087827208,0.081142682,0.119573213,261.4533532,1.276861997,0.285946784,-0.04814108,0.044783169,-0.065377617,0,0,0.188567708,0.034083351
641,0.081868172,0.03687166,0.096725541,0.103514973,257.9030284,-3.550324782,0.278009736,-0.096949122,0.046423324,0.0200341,0.331105615,4.044375349,0.1934375,0.059483332
642,0.081530094,0.157171266,0.305419051,0.343487414,263.6067504,5.703721949,0.296818196,0.230693466,0.046600427,0.002172241,0,-4.061145997,0.1875,-0.07282587
643,0.077647209,0.81875833,0.14331218,0.831206102,262.8588916,-0.747858722,0.292103618,-0.060717934,0.053991931,0.09519343,0,0,0.186875,-0.008049227
644,0.078525066,0.414231116,0.29747908,0.509981588,265.3724422,2.513550565,0.291734278,-0.004703463,0.047511672,-0.082524721,0,0,0.187851563,0.012436315
645,0.077644825,0.266800739,0.241143201,0.359628527,262.6007562,-2.771685983,0.292076833,0.004411815,0.03047308,-0.219442723,0,0,0.188229167,0.004863224
646,0.079720974,0.074531074,0.168026513,0.183814554,262.7803501,0.179593832,0.292062144,-0.000184259,0.041805773,0.142154462,0,0,0.187877604,-0.004409912
647,0.077045441,0.381579075,0.148809539,0.409569127,261.1650853,-1.615264756,0.287148125,-0.063780786,0.047918463,0.079338773,0,0,0.1928125,0.064051757
648,0.077752352,0.125574938,0.423764962,0.44197942,261.8976968,0.732611481,0.295246849,0.1041605,0.059370524,0.147288928,0.216137375,2.779817851,0.189882813,-0.037679728
649,0.079240322,0.101865452,0.25216475,0.271962556,261.3234671,-0.574229675,0.296506326,0.015894401,0.053512493,-0.0739274,0,-2.727618587,0.189335938,-0.006901474
650,0.078047514,0.254763973,0.144913466,0.293094856,259.03112,-2.292347095,0.290758696,-0.073642702,0.041127398,-0.158686601,0,0,0.18453125,-0.061561058
651,0.080817699,0.143657033,0.167492164,0.220660301,262.4167686,3.385648601,0.289006746,-0.021677806,0.038359234,-0.034251956,0,0,0.18359375,-0.011600182
652,0.079023838,0.182657128,0.094951146,0.205862445,260.0726484,-2.344120194,0.292091052,0.039030065,0.045240579,0.087079358,0.323489899,4.093573619,0.190052083,0.081726394
653,0.077180386,0.353852032,0.181473525,0.397673107,264.4276476,4.354999204,0.287551765,-0.058813995,0.038375979,-0.088942281,0,-4.191348569,0.186809896,-0.04200792
654,0.078659296,0.109031206,0.092718717,0.143124297,260.3236134,-4.104034197,0.290872791,0.042220387,0.043927301,0.070574261,0,0,0.190195313,0.04303899
655,0.079062223,0.032591382,0.194361824,0.197075409,260.2234347,-0.100178701,0.286528558,-0.054947005,0.046774864,0.036016726,0,0,0.188033854,-0.027338699
656,0.077515841,0.205757713,0.471280693,0.51423898,263.5367807,3.313345974,0.297742039,0.144660506,0.046983416,0.002690444,0,0,0.189583333,0.019989194
657,0.077810526,0.269912301,0.19232492,0.331423483,260.1053897,-3.431390984,0.291388522,-0.081653702,0.04577898,-0.015479084,0,0,0.18828125,-0.016734026
658,0.080970764,0.002965851,0.131012722,0.131046288,262.7683535,2.662963739,0.293542036,0.026596202,0.037591474,-0.101116815,0,0,0.184036458,-0.052423757
659,0.082523823,0.192771643,0.117737253,0.22588264,265.4931079,2.724754458,0.28667477,-0.083215561,0.036118969,-0.017843395,0,0,0.192981771,0.10839673
660,0.078449249,0.002925071,0.257542545,0.257559156,263.0067768,-2.486331125,0.293994364,0.093303556,0.040663175,0.057925423,0,0,0.191315104,-0.021245158
661,0.081744432,0.165455447,0.339770587,0.377914748,259.9571746,-3.049602232,0.286947966,-0.08620034,0.041705442,0.012750316,0,0,0.187903646,-0.041733219
662,0.080417871,0.205938965,0.259356152,0.331174381,262.5186079,2.561433365,0.295633026,0.107999122,0.054151838,0.154771515,0,0,0.189895833,0.024772945
663,0.085873604,0.017649847,0.366876332,0.36730064,262.7827114,0.264103516,0.295380368,-0.002942201,0.043413964,-0.125042777,0,0,0.189231771,-0.007733022
664,0.080360413,0.325453923,0.030596607,0.326888985,265.9279146,3.145203183,0.293849283,-0.019052735,0.04760542,0.052158211,0,0,0.182578125,-0.082797557
665,0.081059933,0.318839088,0.194671135,0.373570896,264.0117792,-1.91613539,0.298239212,0.054156589,0.043630462,-0.049037268,0,0,0.189648438,0.087223271
666,0.079801083,0.171491242,0.564281857,0.589765428,258.8487659,-5.163013365,0.291317669,-0.086734948,0.052918574,0.1163908,0,0,0.189270833,-0.004731818
667,0.079282522,0.05479175,0.327819806,0.332367208,263.5659146,4.717148712,0.294005605,0.03390325,0.051056353,-0.023488418,0,0,0.188463542,-0.010182467
668,0.083138704,0.124793436,0.057732312,0.137500624,266.1185979,2.552683358,0.301027192,0.084456306,0.045810425,-0.063098505,0,0,0.184960938,-0.042129646
669,0.081704855,0.13688435,0.097687957,0.168167363,266.1343904,0.01579244,0.291715616,-0.113966011,0.037466141,-0.10212715,0,0,0.186289063,0.016255154
670,0.079650164,0.006303992,0.054824011,0.055185256,264.5650712,-1.569319154,0.297522945,0.07291044,0.044186422,0.084372473,0,0,0.186809896,0.006539011
671,0.079583168,0.168670792,0.097270387,0.194708408,262.4752412,-2.089830043,0.287087271,-0.131129153,0.053432122,0.116176572,0,0,0.186289063,-0.006544516
672,0.08069396,0.231874193,0.052659359,0.237778572,261.3916481,-1.083593076,0.290975546,0.048185449,0.045239422,-0.101528041,0,0,0.191015625,0.058573932
673,0.083071232,0.286277665,0.122404549,0.311348318,264.1543385,2.762690364,0.294646793,0.044193971,0.046523519,0.015457776,0,0,0.192786458,0.021317047
674,0.085402489,0.097460274,0.373091003,0.385610428,262.0518898,-2.10244869,0.286947901,-0.090148341,0.048042286,0.017783644,0,0,0.1871875,-0.065559662
675,0.080052853,0.094920219,0.316041061,0.329987576,265.3808907,3.329000953,0.28271157,-0.052919177,0.046550964,-0.018629222,0,0,0.187486979,0.003741018
676,0.084187746,0.131366321,0.072767731,0.150174076,261.7111909,-3.669699873,0.287126873,0.052445918,0.048974015,0.028781522,0,0,0.190859375,0.040058037
677,0.082425117,0.457968204,1.416559474,1.488749683,330.0363082,68.32511729,0.363557164,0.927269421,0.057387935,0.102079557,0.510844204,6.197676388,0.205104167,0.172821005
678,0.078837872,0.35217947,0.708212418,0.790945768,327.3923385,-2.643969697,0.35240659,-0.141436781,0.052613346,-0.060562121,0.199701021,-3.946620792,0.206692708,0.020149474
679,0.081381798,0.182617292,0.073664702,0.196915117,323.6520172,-3.740321211,0.343901338,-0.104510491,0.050644848,-0.024188434,0.127891664,-0.882376152,0.203411458,-0.040319213
680,0.083653688,0.414938854,0.175544397,0.450544214,329.0858435,5.433826228,0.353436605,0.113985019,0.04925129,-0.016658651,0.327640614,2.387808044,0.202942708,-0.005603459
681,0.081362486,0.325491019,0.06917565,0.332760686,332.6757526,3.589909122,0.356420083,0.036668956,0.042303745,-0.085390033,0.500487654,2.124407068,0.196835938,-0.075056345
682,0.079083204,0.562594523,0.027111932,0.563247418,329.6004253,-3.075327339,0.348610058,-0.098757053,0.055271335,0.163974009,0.486707887,-0.17424391,0.205963542,0.115417733
683,0.080652237,0.128280336,0.023293552,0.130378043,329.9789575,0.378532226,0.357344032,0.108291769,0.047280345,-0.099079581,0.546226044,0.737960392,0.202669271,-0.040845375
684,0.080270529,0.289145051,0.104999975,0.30761966,330.730293,0.751335517,0.356247805,-0.013656647,0.056099329,0.109865774,0.498575671,-0.59362226,0.203684896,0.012652527
685,0.078565359,0.152840466,0.136699924,0.20505384,332.7607126,2.030419615,0.361248649,0.063652021,0.046880141,-0.117344187,0.416484156,-1.044881811,0.203046875,-0.008120892
686,0.077849865,0.013145996,0.298320069,0.298609579,330.8959082,-1.864804421,0.356488169,-0.061149503,0.049594256,0.034863454,0.401509612,-0.192351579,0.203502604,0.005853949
687,0.079750299,0.114907821,0.310278678,0.330872582,332.8299033,1.933995129,0.362502424,0.075413578,0.055737142,0.0770265,0.434349407,0.41178272,0.202695313,-0.010122742
688,0.079059362,0.132169818,0.060991287,0.145563724,335.7751449,2.945241623,0.365978863,0.043972508,0.054774753,-0.012172995,0.449324718,0.189418568,0.204544271,0.023386962
689,0.078046799,0.17045037,0.129860289,0.214282578,330.6371942,-5.137950793,0.353946641,-0.154166754,0.048802657,-0.076519417,0.570475774,1.552287322,0.202955729,-0.020353707
690,0.07976532,0.25122024,0.104574517,0.27211659,331.5859366,0.948742425,0.36010432,0.077197442,0.055644679,0.085776893,0.453320084,-1.468754732,0.204622396,0.020894628
691,0.082751751,0.181515562,0.086329467,0.200999195,335.2646214,3.678684863,0.367073292,0.084215404,0.054682456,-0.011627824,0.479703068,0.318820863,0.204283854,-0.004091051
692,0.081634045,0.414229797,0.133458173,0.435198125,340.5789289,5.314307439,0.367630089,0.006820653,0.04399166,-0.130960017,0.449278576,-0.372693677,0.202369792,-0.023446866
693,0.079316854,0.237912569,0.144433142,0.278322336,335.5409342,-5.037994643,0.358868111,-0.110468051,0.049715485,0.072164045,0.464384405,0.190449173,0.205078125,0.034145748
694,0.082105398,0.060508586,0.010902868,0.061483018,333.9610557,-1.579878523,0.3574316,-0.017495936,0.039145805,-0.128733073,0.329932989,-1.637546611,0.205911458,0.010149556
695,0.082294464,0.157382383,0.373900408,0.405673181,330.6011331,-3.359922563,0.351342308,-0.073993941,0.041191894,0.024863029,0.465883481,1.652000451,0.203255208,-0.032277384
696,0.084882498,0.194433639,0.366960131,0.415288066,334.9995347,4.398401572,0.357541036,0.073027158,0.047832065,0.078227794,0.358824437,-1.261261697,0.204140625,0.010431086
697,0.083998442,0.009070906,0.128048344,0.128369232,333.997072,-1.002462704,0.360247759,0.032223488,0.048569223,0.008775852,0.377411182,0.221274878,0.204726563,0.006975576
698,0.082803488,0.060567529,0.034077037,0.069495828,335.900059,1.902986943,0.356780229,-0.04187662,0.047408235,-0.014021007,0.455513215,0.943221526,0.20390625,-0.009906738
699,0.081840038,0.111087118,0.059785362,0.126153229,329.3596709,-6.540388049,0.358907855,0.025997374,0.053788292,0.077957655,0.527158582,0.875431744,0.207291667,0.041366264
700,0.081126451,0.265907375,0.280429646,0.386455067,331.5068137,2.147142783,0.353001863,-0.072799827,0.044925508,-0.109246533,0.648011407,1.489684596,0.207786458,0.006099018
701,0.083343983,0.416136958,0.0014692,0.416139551,334.4855165,2.978702806,0.356801919,0.04559484,0.05072411,0.069574326,0.490767795,-1.886682244,0.205820313,-0.023590735
702,0.082677364,0.190917664,0.08131691,0.207513841,333.9216515,-0.563865039,0.358406212,0.019404262,0.044861489,-0.070909625,0.38879113,-1.233429071,0.204322917,-0.018111316
703,0.083818674,0.246069264,0.239491598,0.34337488,332.9454831,-0.976168372,0.35868886,0.003372141,0.044423018,-0.005231186,0.535854585,1.754542842,0.206015625,0.020194883
704,0.083479166,0.010686763,0.432946445,0.43307832,334.1338625,1.188379404,0.361204384,0.030133548,0.049096613,0.055985165,0.358520253,-2.124294479,0.207708333,0.020277015
705,0.095385075,0.367230603,0.164499708,0.402390942,333.7757356,-0.358126901,0.356876469,-0.045373081,0.046436344,-0.027889783,0.474831122,1.219382273,0.204752604,-0.030987334
706,0.088155508,0.04836799,0.077858311,0.091659037,333.7850968,0.009361188,0.366256112,0.106398836,0.053442335,0.079473096,0.412488941,-0.707184182,0.204309896,-0.005021902
707,0.085445166,0.398618572,0.300955279,0.499470565,332.0980619,-1.687034922,0.358545054,-0.090245699,0.053642651,0.002344382,0.484712632,0.845263621,0.203671875,-0.007467021
708,0.088721991,0.163302785,0.32722219,0.365707754,330.7306465,-1.367415333,0.359409269,0.009740707,0.043014461,-0.119792062,0.441310411,-0.489193491,0.202382813,-0.014529233
709,0.101295948,0.211525949,0.214454133,0.301220521,332.5056094,1.774962906,0.356371242,-0.029991589,0.049464703,0.063677196,0.2870075,-1.523288095,0.202981771,0.005912955
710,0.087266922,0.064040305,0.183328228,0.194191658,331.3903684,-1.115240992,0.354492839,-0.0215248,0.056150626,0.076614637,0.510578162,2.561917587,0.20796875,0.057146271
711,0.079521418,0.008982849,0.050361655,0.051156504,333.7402103,2.349841843,0.35541915,0.011648572,0.045096644,-0.139006355,0.351511374,-2.000301213,0.204583333,-0.042572388
712,0.080414057,0.033921093,0.229099442,0.231597053,333.3348009,-0.405409418,0.356758538,0.016656135,0.044777097,-0.003973771,0.480226537,1.600655021,0.204153646,-0.005343438
713,0.08117342,0.207810729,0.15773039,0.260891117,334.4867634,1.15196256,0.360992246,0.052156334,0.053940308,0.112884378,0.583868032,1.276791028,0.201627604,-0.031119074
714,0.08024168,0.547726534,0.088382285,0.554811485,338.3072632,3.820499807,0.359800744,-0.014848913,0.04446171,-0.118125618,0.49791809,-1.071138363,0.205260417,0.045273385
715,0.083830357,0.190050903,0.504600281,0.539203847,336.590396,-1.716867226,0.362574578,0.033088661,0.048602083,0.049389906,0.561257065,0.755561321,0.205950521,0.008232151
716,0.080049992,0.104103983,0.364299522,0.378882278,333.7377019,-2.852694152,0.35277657,-0.12239862,0.049477717,0.010938582,0.193810065,-4.590219092,0.204114583,-0.022934887
717,0.084352016,0.095569559,0.153226306,0.18058749,334.5112697,0.773567843,0.363420553,0.126185291,0.043787709,-0.0674555,0.529256421,3.976743767,0.205651042,0.018214838
718,0.080949545,0.021982148,0.069658169,0.073044338,336.9287858,2.417516093,0.365224578,0.022285786,0.046639855,0.035233627,0.402135116,-1.57037702,0.203450521,-0.027183857
719,0.080764532,0.273062822,0.176087211,0.32491539,334.5701392,-2.358646579,0.360155957,-0.062758004,0.046617605,-0.000275492,0.480186341,0.966404723,0.205026042,0.019507583
720,0.082859993,0.344338115,0.012412551,0.344561763,338.8610768,4.290937567,0.372369286,0.147397179,0.050833952,0.050885193,0.416778563,-0.765239958,0.205026042,0
721,0.081300974,0.224298995,0.20008101,0.300570207,335.5647006,-3.296376155,0.365586387,-0.083429493,0.055934772,0.062739961,0.403521104,-0.163066426,0.201601563,-0.04212101
722,0.080039978,0.040414303,0.081196255,0.090698113,334.2548287,-1.309871955,0.361604868,-0.049744123,0.045057125,-0.135902668,0.527420073,1.547963555,0.201445313,-0.001952149
723,0.081877708,0.074587886,0.064974272,0.098919203,335.4506855,1.195856837,0.360212886,-0.017000745,0.046067744,0.01234303,0.382398386,-1.771198659,0.202955729,0.018447227
724,0.081929207,0.330075389,0.039213042,0.332396488,332.9152158,-2.535469682,0.362710997,0.030491093,0.04888002,0.034325672,0.543821791,1.970279112,0.202382813,-0.006992826
725,0.084289789,0.208168616,0.123345304,0.241967429,335.6302242,2.715008356,0.365591984,0.034179542,0.038684271,-0.120960662,0.504930307,-0.461402073,0.205039063,0.031513307
726,0.092740536,0.015744656,0.190422389,0.191072186,333.5558814,-2.07434278,0.362310646,-0.035381915,0.049154079,0.112893545,0.509155617,0.04556055,0.205416667,0.004071619
727,0.078791618,0.027596378,0.311548245,0.312768075,339.4502876,5.894406224,0.365715129,0.043208699,0.050880099,0.021906146,0.459046077,-0.63597551,0.203229167,-0.027763105
728,0.081186771,0.085364022,0.305899308,0.317586843,339.758485,0.308197341,0.363972603,-0.021463183,0.048728212,-0.026505393,0.524473737,0.805890644,0.203450521,0.002726481
729,0.082705259,0.040199265,0.492352857,0.493991211,334.4389986,-5.319486326,0.359354198,-0.055841729,0.053764908,0.060899338,0.498328058,-0.316130791,0.203190104,-0.003148732
730,0.084830999,0.053588791,0.581890479,0.58435288,336.8405754,2.401576797,0.358246018,-0.013063381,0.044144306,-0.113409031,0.333612649,-1.941688882,0.207513021,0.050959162
731,0.084031343,0.069358193,0.099035543,0.120907393,338.2952094,1.454633952,0.359785743,0.018323221,0.0516447,0.089257098,0.438489371,1.248066698,0.202122396,-0.06415017
732,0.084516525,0.084643935,0.307613808,0.319046785,336.2817339,-2.013475494,0.367937529,0.096451972,0.044604484,-0.083299874,0.428415309,-0.119196356,0.200351563,-0.02095251
733,0.08100009,0.052014067,0.158047986,0.166386986,341.5950561,5.313322254,0.372528581,0.056679596,0.048269764,0.045250322,0.41883092,-0.118325662,0.201822917,0.018164846
734,0.081939697,0.084615201,0.181582944,0.200329972,332.783035,-8.812021127,0.358722683,-0.168488519,0.054339671,0.074077731,0.168843406,-3.050871825,0.206080729,0.051962756
735,0.081330299,0.216604601,0.083575445,0.232168922,333.5031941,0.720159052,0.35691104,-0.022275123,0.047828424,-0.080059308,0.373624064,2.517888906,0.203502604,-0.031699441
736,0.082935333,0.109515849,0.137998683,0.176174225,340.6475512,7.144357083,0.370704533,0.166316238,0.046524665,-0.015720188,0.453221974,0.959758719,0.203723958,0.002668997
737,0.081272602,0.091945257,0.052624236,0.105939796,338.1129564,-2.534594737,0.369272047,-0.017625699,0.045583804,-0.011576599,0.45249788,-0.008909439,0.203463542,-0.003204237
738,0.085619926,0.144261456,0.053792432,0.15396426,331.7746259,-6.338330554,0.354984194,-0.166875319,0.045597576,0.000160846,0.416392679,-0.42169157,0.205611979,0.025092728
739,0.080479383,0.228422108,2.244617886,2.256210565,379.2757444,47.50111853,0.430258931,0.935329438,0.069065148,0.291597319,0.480229629,0.793208735,0.210598958,0.061965922
740,0.081468821,0.529215657,2.692000148,2.743525835,414.9205439,35.64479951,0.439247682,0.110333637,0.055359542,-0.168231311,0.741196859,3.203277384,0.217408854,0.083588983
741,0.080663443,0.329640587,0.185774322,0.378384745,422.6563647,7.735820828,0.45134003,0.149911135,0.049937908,-0.067213022,0.733448815,-0.096053981,0.220546875,0.03890264
742,0.080774546,0.093447097,0.099444377,0.136460778,417.2254032,-5.430961497,0.444675868,-0.082503247,0.042195501,-0.095852068,0.545973132,-2.320974765,0.219127604,-0.017570768
743,0.085433006,0.327734552,0.103067957,0.343559224,417.9639972,0.738593935,0.446290747,0.018902288,0.055861986,0.159967268,0.618373872,0.847456299,0.219361979,0.002743378
744,0.081092358,0.409655365,0.108946487,0.423894863,424.0045699,6.040572694,0.454259929,0.098272904,0.049564814,-0.077654315,0.631142639,0.157459565,0.220611979,0.015414523
745,0.085241318,0.20628619,0.442806511,0.488499333,424.547093,0.54252313,0.450359817,-0.045753773,0.041862917,-0.090354032,0.735424135,1.223367943,0.222239583,0.019094076
746,0.083444357,0.038983707,0.317452376,0.319837053,420.1965156,-4.350577383,0.449390968,-0.011610718,0.049568568,0.092344779,0.613799348,-1.45755557,0.220286458,-0.023406316
747,0.082074642,0.325606539,0.02870529,0.326869411,427.0834376,6.886921959,0.458160211,0.106844728,0.049153051,-0.005062672,0.981470465,4.479716365,0.219713542,-0.006980435
748,0.084402084,0.123730226,0.109027794,0.164912791,423.7740239,-3.309413638,0.456929424,-0.014582418,0.054298236,0.060960399,0.531181555,-5.335044907,0.223645833,0.046589983
749,0.083609581,0.028597112,0.012906063,0.031374532,423.5551332,-0.21889072,0.449249105,-0.091859321,0.049290058,-0.059899568,0.526255205,-0.058920881,0.216861979,-0.081137282
750,0.083381653,0.294879539,0.119640852,0.31822614,421.3886641,-2.166469124,0.445207013,-0.048476993,0.047484317,-0.021656335,0.606608909,0.963685672,0.218346354,0.017802178
751,0.084382772,0.44618331,0.028553889,0.447096042,426.0167304,4.62806629,0.45299825,0.09233208,0.046057829,-0.016904968,0.605836018,-0.009159348,0.218997396,0.007715339
752,0.083372116,0.223296316,0.113668264,0.250562804,424.9733656,-1.043364816,0.450369754,-0.031527276,0.045255269,-0.009626238,0.730489352,1.49514418,0.21859375,-0.004841497
753,0.085802794,0.076816206,0.088521612,0.117204118,427.4023655,2.428999917,0.452351807,0.0231001,0.054960957,0.113116227,0.632590219,-1.140978382,0.221914063,0.038697021
754,0.084878445,0.057245129,0.05805578,0.081532069,425.4902986,-1.912066868,0.455430518,0.036271998,0.057521955,0.030172538,0.641040388,0.099556115,0.216367188,-0.065350809
755,0.08529377,0.085945609,0.200767566,0.218390163,424.5790953,-0.911203334,0.450517223,-0.057604387,0.053860335,-0.042929514,0.644483643,0.04036936,0.221080729,0.055262438
756,0.085650206,0.10073762,0.200453122,0.224342422,426.0340501,1.454954819,0.456279593,0.067277955,0.046274862,-0.088563398,0.627082972,-0.203159703,0.219075521,-0.0234116
757,0.082870483,0.151493672,0.016025995,0.152338981,429.332198,3.298147867,0.461022489,0.057232629,0.048602661,0.028089603,0.672240707,0.544919408,0.223020833,0.047608175
758,0.08337903,0.172135181,0.2100462,0.271569378,429.597662,0.265464014,0.45515699,-0.070347411,0.056957884,0.100207722,0.647603083,-0.295489456,0.220221354,-0.033575339
759,0.083365202,0.548738909,0.053316472,0.551322988,425.9043611,-3.693300911,0.455786713,0.007553791,0.043594014,-0.160305133,0.683745556,0.433543879,0.217994792,-0.026708536
760,0.096077919,0.264913681,0.339863205,0.430913281,425.6444337,-0.259927363,0.457518692,0.018026811,0.054302031,0.111451386,0.701532955,0.185135148,0.219947917,0.020328552
761,0.08874321,0.168051715,0.134308934,0.215128493,421.4692745,-4.175159224,0.447343644,-0.114657203,0.051607608,-0.030362018,0.630970331,-0.795132654,0.223450521,0.039468982
762,0.084244251,0.083247717,0.054870502,0.099704335,425.1577726,3.688498077,0.454430036,0.084117221,0.04601686,-0.066363551,0.643509237,0.14883989,0.217695313,-0.06831574
763,0.083734035,0.093392911,0.083505246,0.125281132,427.144249,1.986476398,0.456096868,0.019906271,0.040581598,-0.064911026,0.749404981,1.264667873,0.219453125,0.020992808
764,0.083417892,0.113151909,0.052277099,0.124644493,422.7018144,-4.442434567,0.448560193,-0.090348431,0.04691364,0.075907479,0.639404917,-1.318662716,0.219283854,-0.002029191
765,0.082381248,0.140328044,0.254494349,0.290618881,428.1909799,5.48916554,0.46439431,0.192205355,0.042725381,-0.050839961,0.713947242,0.904845784,0.218528646,-0.009167236
766,0.082356453,0.105805411,0.191976754,0.219202781,426.4349002,-1.756079743,0.450653764,-0.166842363,0.051662462,0.108517075,0.676677293,-0.452544368,0.220729167,0.026719471
767,0.082479,0.112031721,0.283060522,0.304424647,428.0381733,1.603273099,0.455556088,0.059437231,0.060682733,0.109364449,0.631255436,-0.550708139,0.219544271,-0.014366031
768,0.083244085,0.160738865,0.021367892,0.16215292,421.4487969,-6.589376384,0.449597849,-0.071575518,0.051113574,-0.114953019,0.509218745,-1.466010359,0.221445313,0.022836958
769,0.085314751,0.310991424,0.098331337,0.326166702,421.1308442,-0.317952679,0.444583509,-0.058774602,0.051539047,0.004987105,0.705385769,2.299333027,0.220351563,-0.012820175
770,0.094553709,0.112323725,0.016600906,0.113543865,426.4277195,5.296875319,0.456674422,0.127873491,0.043776992,-0.082091498,0.976453045,2.866807435,0.219140625,-0.012806875
771,0.081900597,0.21807354,0.007568151,0.218204825,424.5981658,-1.829553744,0.448652802,-0.097943359,0.053595714,0.119885843,0.702089758,-3.349954682,0.221080729,0.023688523
772,0.083955526,0.153330579,0.036930221,0.157715274,424.1584667,-0.439699069,0.454391317,0.068351849,0.04547392,-0.096739244,0.621598651,-0.958735065,0.218385417,-0.032104051
773,0.083156109,0.342591626,0.176067677,0.385186772,427.3093927,3.150926019,0.450490179,-0.046913431,0.041887432,-0.043129578,0.691871727,0.845074124,0.219166667,0.00939498
774,0.082677603,0.324285944,0.054582022,0.328847337,429.5640882,2.2546955,0.453250722,0.033389253,0.042827349,0.011368467,0.63322501,-0.709342245,0.219622396,0.005512124
775,0.082413197,0.101863425,0.168036478,0.19650042,425.7996482,-3.764440071,0.451183754,-0.025080555,0.040126635,-0.032770412,0.690311628,0.692687822,0.216145833,-0.042184537
776,0.081515312,0.006623975,0.093515571,0.093749875,428.3393871,2.5397389,0.449924633,-0.015446438,0.047552627,0.091099355,0.554504825,-1.666028129,0.221966146,0.071401462
777,0.082524776,0.080558481,0.158744881,0.178015747,428.119623,-0.219764095,0.457743224,0.094742356,0.048885969,0.016156863,0.633740203,0.96014048,0.218971354,-0.036289607
778,0.080781221,0.203400741,0.058268232,0.211582249,425.1773413,-2.9422817,0.449612592,-0.10065003,0.040875226,-0.099165899,0.541202836,-1.145530676,0.218463542,-0.006286269
779,0.08062315,0.300134029,0.005915241,0.300192314,429.2532015,4.075860261,0.460702884,0.137557165,0.050638428,0.121096758,0.530463608,-0.133202792,0.217708333,-0.00936714
780,0.08096838,0.678778346,0.050631068,0.68066405,423.2807528,-5.972448712,0.449722775,-0.13560984,0.051531379,0.011028382,0.547696536,0.212835283,0.223984375,0.077512254
781,0.080811262,0.31116926,0.134314319,0.33891982,425.3977979,2.117045111,0.449904168,0.002244645,0.049895678,-0.020241002,0.546251478,-0.017881886,0.221223958,-0.034158811
782,0.084510803,0.232337693,0.567317152,0.61304939,425.281587,-0.116210897,0.460108827,0.120749767,0.041697,-0.097013364,0.591525435,0.535717989,0.219505208,-0.020337637
783,0.081485033,0.008600345,0.38136577,0.381462733,427.7900195,2.508432453,0.458243363,-0.022893337,0.055348867,0.167538338,0.561071597,-0.373735359,0.220195313,0.008469091
784,0.07869029,0.167152366,0.073206293,0.182480341,425.676169,-2.113850529,0.460475047,0.028360347,0.050972491,-0.055615206,0.636470004,0.958166582,0.220520833,0.004136734
785,0.082145691,0.17779732,0.141242315,0.227071087,428.8614734,3.185304431,0.467074497,0.080338359,0.058551002,0.092256959,0.817705424,2.206268131,0.220013021,-0.006181852
786,0.081706285,0.190909185,0.265409266,0.326937908,426.2904452,-2.571028231,0.455912678,-0.136609066,0.059019172,0.005729911,0.615010017,-2.480781074,0.216783854,-0.039521643
787,0.084414721,0.235041876,0.11226939,0.260478597,429.4339342,3.143488992,0.460867651,0.058697972,0.049079635,-0.117746496,0.370804195,-2.892929341,0.221393229,0.054603924
788,0.093743324,0.178505575,0.324486923,0.370345789,431.1062803,1.672346131,0.458687683,-0.023254641,0.045613752,-0.036972051,0.682279593,3.322640836,0.221367188,-0.000277798
789,0.090008259,0.357264183,0.664711021,0.754637952,423.1060249,-8.000255417,0.455950802,-0.030407002,0.039626581,-0.066518012,0.544876252,-1.526563705,0.217864583,-0.038914253
790,0.090772629,0.145128324,0.276937701,0.312660711,426.12794,3.021915127,0.451491385,-0.049127328,0.052580503,0.142707354,0.590381154,0.501306429,0.21734375,-0.00573778
791,0.099576235,0.268924835,0.031160655,0.270724127,425.6850738,-0.442866175,0.451401926,-0.000898397,0.049050248,-0.03545278,0.611465119,0.211736919,0.222786458,0.054658708
792,0.124101639,0.344582888,0.20445814,0.400675052,431.867676,6.18260215,0.465407118,0.112852591,0.049838877,0.006354695,0.64676518,0.284444758,0.219335938,-0.027803991
793,0.106988192,0.406706653,0.357894139,0.541755034,433.3557424,1.488066403,0.465045,-0.003384652,0.050472768,0.005924877,0.554051257,-0.866580894,0.216028646,-0.030912679
794,0.091517687,0.249789634,0.151397648,0.292089215,423.9802353,-9.37550709,0.450129948,-0.16297453,0.055013872,0.04961995,0.704187175,1.640512598,0.219088542,0.033435022
795,0.115461826,0.575723685,0.108791961,0.585912495,425.679867,1.699631758,0.458464647,0.07218576,0.048853961,-0.053350195,0.638637764,-0.567715004,0.220807292,0.014885872
796,0.091596603,0.53611638,0.042793777,0.537821606,430.0368875,4.35702048,0.460859248,0.026142898,0.051582843,0.029792399,1.131183933,5.377340974,0.218971354,-0.020043729
797,0.09497571,0.132388895,0.04091471,0.13856707,431.0204915,0.983603988,0.462572367,0.018037439,0.050216531,-0.014385916,0.722416664,-4.303913802,0.220169271,0.012612874
798,0.118338585,0.06897893,0.139539317,0.155657682,424.7822061,-6.238285413,0.444009627,-0.15686126,0.03751113,-0.107364817,0.503668141,-1.848497029,0.219856771,-0.002640728
799,0.098732471,0.271236997,0.088751908,0.285388174,426.2493138,1.467107702,0.449502671,0.055635632,0.047658752,0.102778976,0.652305188,1.505452507,0.220898438,0.010550396
800,0.101417065,0.140642908,0.347358273,0.374750847,428.8542937,2.604979884,0.464748669,0.150329715,0.047380151,-0.002747087,0.610898407,-0.408282191,0.21484375,-0.059700875
801,0.099251032,0.426160941,0.147943544,0.45111023,429.5976663,0.743372587,0.463609997,-0.011472652,0.044978887,-0.024193839,0.656796763,0.462447147,0.220572917,0.057724001
802,0.103135109,0.000124014,0.150524199,0.15052425,430.114293,0.516626757,0.462832165,-0.007541874,0.044804029,-0.001695434,0.728285622,0.693157349,0.219505208,-0.010352521
803,0.096027136,0.349203193,0.221988448,0.413789488,435.1273181,5.013025114,0.467490754,0.048513254,0.046065617,0.013137836,0.914986133,1.944247425,0.220611979,0.011525605
804,0.089686155,0.006233374,0.044017038,0.04445621,426.4610661,-8.666252093,0.455019626,-0.139052981,0.048223962,0.024065534,0.640994862,-3.055000742,0.217578125,-0.033827453
805,0.087702274,0.000154528,0.058969475,0.058969677,425.9705607,-0.490505385,0.454455951,-0.006427149,0.066129186,0.204159166,0.650116816,0.104010453,0.219049479,0.016776693
806,0.0834167,0.215653343,0.119922774,0.246754607,427.2380912,1.267530503,0.452700161,-0.021048416,0.043831179,-0.267308665,0.586546053,-0.762086753,0.219309896,0.003121877
807,0.086653948,0.045935181,0.207261313,0.212290586,432.9669209,5.728829766,0.460383504,0.088666966,0.04512742,0.014958824,0.643586044,0.658250345,0.217291667,-0.023290678
808,0.085398912,0.1319442,0.184216729,0.226594517,431.4948874,-1.472033486,0.466763148,0.074704039,0.045979613,0.009978974,0.862415795,2.562441887,0.221979167,0.054889458
809,0.079628229,0.372680507,0.353055893,0.513360715,422.4592148,-9.035672613,0.453015998,-0.172641663,0.048322622,0.029424346,0.556646289,-3.839963658,0.218059896,-0.049219616
810,0.084507704,0.233671668,0.305636983,0.384729013,431.593133,9.133918163,0.460059667,0.083349431,0.042891881,-0.064263267,0.545316753,-0.134065127,0.21875,0.008166169
811,0.082546711,0.077387063,0.011120695,0.078182014,432.4487167,0.855583707,0.467331141,0.088089205,0.038735103,-0.050356672,0.511589183,-0.408587685,0.22,0.015142941
812,0.080975056,0.033041986,0.198218196,0.200953293,433.377583,0.928866336,0.455649273,-0.14426502,0.0436047,0.060137002,0.213321904,-3.683446424,0.220065104,0.000804003
813,0.08117795,0.018786363,0.207241272,0.208091019,430.9392608,-2.438322282,0.466273561,0.130876523,0.042973218,-0.007778986,0.636163253,5.208820255,0.218359375,-0.021012223
814,0.081622601,0.227739357,0.012168535,0.228064219,432.5580131,1.618752306,0.46345228,-0.034564948,0.04233585,-0.007808717,0.536947227,-1.215546014,0.216757813,-0.019621557
815,0.080510378,0.047019228,0.153809687,0.160836027,428.5569543,-4.001058724,0.459998907,-0.042893513,0.0504851,0.101219867,0.644792136,1.339515623,0.220690104,0.048842047
816,0.082921982,0.270828077,0.028821089,0.272357307,426.566892,-1.990062311,0.459691766,-0.003703974,0.044201897,-0.075772464,0.640419003,-0.052737917,0.219101563,-0.019157063
817,0.083170414,0.244933998,0.009078252,0.245102178,428.3353061,1.76841408,0.464711419,0.060353828,0.047498842,0.039640834,0.614354506,-0.313386648,0.223580729,0.053855289
818,0.086660147,0.125479817,0.324420195,0.347841412,427.9023734,-0.432932694,0.45474961,-0.114952596,0.050056986,0.029519271,0.449146947,-1.90638448,0.220872396,-0.031252351
819,0.084420919,0.004395237,0.373368184,0.373394054,433.5243785,5.622005068,0.462419951,0.090858294,0.039622649,-0.123598948,0.637861606,2.235401602,0.219518229,-0.016040653
820,0.082275152,0.351392769,0.476798192,0.592295023,432.6460866,-0.878291865,0.458600214,-0.046426364,0.050380983,0.130760423,0.683930881,0.559941544,0.220429688,0.011078173
821,0.081718683,0.492824994,0.444219248,0.663481134,423.5155581,-9.130528566,0.455854039,-0.033605236,0.050557252,0.002157021,0.614911508,-0.844597223,0.21765625,-0.033938842
822,0.080549002,0.489029765,0.229344669,0.540138027,430.2389656,6.723407572,0.46294265,0.088003711,0.050506966,-0.000624294,0.61386373,-0.01300796,0.216276042,-0.017135015
823,0.084746599,0.110931919,0.285020815,0.305847602,430.3046538,0.065688173,0.465333601,0.028212941,0.042881056,-0.089984842,0.618352449,0.052966355,0.221367188,0.060074928
824,0.085792065,0.104411692,0.11521138,0.155484608,428.0283844,-2.276269441,0.459748017,-0.06510606,0.039551934,-0.038804548,0.206160218,-4.804549602,0.21765625,-0.04325502
825,0.083081722,0.091721243,0.104019629,0.138682622,432.6033969,4.575012539,0.466716981,0.083880831,0.046822065,0.087505778,0.373630363,2.015727892,0.219635417,0.023821926
826,0.082750082,0.046704888,0.09640187,0.107119873,432.7329017,0.129504781,0.457161049,-0.11547943,0.048979577,0.026072633,0.61932568,2.969124749,0.217981771,-0.019983616
827,0.081669092,0.36962631,0.117571238,0.38787447,430.0313408,-2.701560865,0.464070018,0.084597109,0.051557845,0.031569686,0.619803193,0.005846933,0.221627604,0.044641531
828,0.081150055,0.233394076,0.044137297,0.237530831,424.7341388,-5.297201973,0.451411444,-0.155989711,0.045453384,-0.075224364,0.580527664,-0.483986481,0.217005208,-0.056961093
829,0.082079649,0.171814909,0.087883259,0.192986606,428.2242587,3.490119817,0.459284893,0.095924486,0.045441228,-0.000148101,0.301400622,-3.400685131,0.221861979,0.059171438
830,0.084390163,0.075138468,0.215853633,0.228557608,429.7788773,1.554618661,0.456749823,-0.030039872,0.043989582,-0.017201593,0.721196029,4.974458989,0.220716146,-0.013577807
831,0.086909294,0.010496563,0.037514398,0.038955203,425.2567608,-4.522116555,0.450731557,-0.069247668,0.059989134,0.184094826,0.639015957,-0.945584389,0.220976563,0.002996419
832,0.081659794,0.263884665,0.139062892,0.298284436,429.5356904,4.278929623,0.459135456,0.102913548,0.054189388,-0.071023266,0.615413407,-0.28903515,0.219934896,-0.012756176
833,0.081058979,0.50042061,0.102749598,0.510860321,425.1704865,-4.365203845,0.456335424,-0.034543141,0.046049031,-0.100425111,0.653223289,0.466449032,0.21859375,-0.016545309
